Lista de sessões por espaço;;;;;;;;;;;
Espaço;Evento;Tipo de Evento;Classificação Etária;Período do Cartaz - Data Início;Período do Cartaz - Data Fim;Tipo da Sessão;Data da Sessão;Valor do Ingresso;Quantidade de ingressos vendidos;Total de Vendas;
Complexo Cultural MG;Travessia;Teatro;Adulto;12/07/2025 - 19:00;19/07/2025 - 22:00;Fechada;19/07/2025 - 20:30;;98;;
Complexo Cultural MG;Travessia;Teatro;Adulto;12/07/2025 - 19:00;19/07/2025 - 22:00;Fechada;18/07/2025 - 20:30;;105;;
Complexo Cultural MG;Travessia;Teatro;Adulto;12/07/2025 - 19:00;19/07/2025 - 22:00;Fechada;17/07/2025 - 20:30;;97;;
Glauce Rocha;RELATOS DE PROFESSORES;Teatro;Adulto;04/07/2025 - 19:00;31/07/2025 - 23:59;Fechada;17/07/2025 - 19:00;40;169;1755;
Glauce Rocha;RELATOS DE PROFESSORES;Teatro;Adulto;04/07/2025 - 19:00;31/07/2025 - 23:59;Fechada;23/07/2025 - 19:00;40;125;340;
Glauce Rocha;RELATOS DE PROFESSORES;Teatro;Adulto;04/07/2025 - 19:00;31/07/2025 - 23:59;Fechada;24/07/2025 - 19:00;40;114;280;
Glauce Rocha;RELATOS DE PROFESSORES;Teatro;Adulto;04/07/2025 - 19:00;31/07/2025 - 23:59;Fechada;30/07/2025 - 19:00;40;100;520;
Glauce Rocha;RELATOS DE PROFESSORES;Teatro;Adulto;04/07/2025 - 19:00;31/07/2025 - 23:59;Fechada;31/07/2025 - 19:00;40;93;220;
Teatro Dulcina;Pequeno Arsenal;Teatro;Livre;16/07/2025 - 13:30;26/09/2025 - 23:59;Fechada;16/07/2025 - 13:30;;;;
Teatro Dulcina;Pequeno Arsenal;Teatro;Livre;16/07/2025 - 13:30;26/09/2025 - 23:59;Fechada;17/07/2025 - 13:30;;;;
Teatro Dulcina;Pequeno Arsenal;Teatro;Livre;16/07/2025 - 13:30;26/09/2025 - 23:59;Fechada;18/07/2025 - 13:30;;3;;
Teatro Dulcina;Pequeno Arsenal;Teatro;Livre;16/07/2025 - 13:30;26/09/2025 - 23:59;Fechada;23/07/2025 - 13:30;;3;;
Teatro Dulcina;Pequeno Arsenal;Teatro;Livre;16/07/2025 - 13:30;26/09/2025 - 23:59;Fechada;24/07/2025 - 13:30;;;;
Teatro Dulcina;Pequeno Arsenal;Teatro;Livre;16/07/2025 - 13:30;26/09/2025 - 23:59;Fechada;25/07/2025 - 13:30;;8;;
Teatro Dulcina;Pequeno Arsenal;Teatro;Livre;16/07/2025 - 13:30;26/09/2025 - 23:59;Fechada;30/07/2025 - 13:30;;;;
Teatro Dulcina;Pequeno Arsenal;Teatro;Livre;16/07/2025 - 13:30;26/09/2025 - 23:59;Fechada;31/07/2025 - 13:30;;;;
Teatro Dulcina;Pequeno Arsenal;Teatro;Livre;16/07/2025 - 13:30;26/09/2025 - 23:59;Fechada;01/08/2025 - 13:30;;5;;
Teatro Dulcina;Pequeno Arsenal;Teatro;Livre;16/07/2025 - 13:30;26/09/2025 - 23:59;Fechada;02/08/2025 - 13:30;;;;
Teatro Dulcina;Pequeno Arsenal;Teatro;Livre;16/07/2025 - 13:30;26/09/2025 - 23:59;Fechada;03/08/2025 - 13:30;;;;
Teatro Dulcina;Pequeno Arsenal;Teatro;Livre;16/07/2025 - 13:30;26/09/2025 - 23:59;Fechada;06/08/2025 - 13:30;;5;;
Teatro Dulcina;Pequeno Arsenal;Teatro;Livre;16/07/2025 - 13:30;26/09/2025 - 23:59;Fechada;07/08/2025 - 13:30;;;;
Teatro Dulcina;Pequeno Arsenal;Teatro;Livre;16/07/2025 - 13:30;26/09/2025 - 23:59;Fechada;08/08/2025 - 13:30;;7;;
Teatro Dulcina;Pequeno Arsenal;Teatro;Livre;16/07/2025 - 13:30;26/09/2025 - 23:59;Fechada;09/08/2025 - 13:30;;6;;
Teatro Dulcina;Pequeno Arsenal;Teatro;Livre;16/07/2025 - 13:30;26/09/2025 - 23:59;Fechada;10/08/2025 - 13:30;;4;;
Teatro Dulcina;Pequeno Arsenal;Teatro;Livre;16/07/2025 - 13:30;26/09/2025 - 23:59;Fechada;13/08/2025 - 13:30;;;;
Teatro Dulcina;Pequeno Arsenal;Teatro;Livre;16/07/2025 - 13:30;26/09/2025 - 23:59;Fechada;14/08/2025 - 13:30;;6;;
Teatro Dulcina;Pequeno Arsenal;Teatro;Livre;16/07/2025 - 13:30;26/09/2025 - 23:59;Fechada;15/08/2025 - 13:30;;5;;
Teatro Dulcina;Pequeno Arsenal;Teatro;Livre;16/07/2025 - 13:30;26/09/2025 - 23:59;Fechada;16/08/2025 - 13:30;;;;
Teatro Dulcina;Pequeno Arsenal;Teatro;Livre;16/07/2025 - 13:30;26/09/2025 - 23:59;Fechada;17/08/2025 - 13:30;;2;;
Teatro Dulcina;Pequeno Arsenal;Teatro;Livre;16/07/2025 - 13:30;26/09/2025 - 23:59;Fechada;20/08/2025 - 13:30;;2;;
Teatro Dulcina;Pequeno Arsenal;Teatro;Livre;16/07/2025 - 13:30;26/09/2025 - 23:59;Fechada;21/08/2025 - 13:30;;;;
Teatro Dulcina;Pequeno Arsenal;Teatro;Livre;16/07/2025 - 13:30;26/09/2025 - 23:59;Fechada;22/08/2025 - 13:30;;;;
Teatro Dulcina;Pequeno Arsenal;Teatro;Livre;16/07/2025 - 13:30;26/09/2025 - 23:59;Fechada;23/08/2025 - 13:30;;;;
Teatro Dulcina;Pequeno Arsenal;Teatro;Livre;16/07/2025 - 13:30;26/09/2025 - 23:59;Fechada;24/08/2025 - 13:30;;;;
Teatro Dulcina;Pequeno Arsenal;Teatro;Livre;16/07/2025 - 13:30;26/09/2025 - 23:59;Fechada;27/08/2025 - 13:30;;3;;
Teatro Dulcina;Pequeno Arsenal;Teatro;Livre;16/07/2025 - 13:30;26/09/2025 - 23:59;Fechada;28/08/2025 - 13:30;;2;;
Teatro Dulcina;Pequeno Arsenal;Teatro;Livre;16/07/2025 - 13:30;26/09/2025 - 23:59;Fechada;29/08/2025 - 13:30;;3;;
Teatro Dulcina;Pequeno Arsenal;Teatro;Livre;16/07/2025 - 13:30;26/09/2025 - 23:59;Fechada;30/08/2025 - 13:30;;4;;
Teatro Dulcina;Pequeno Arsenal;Teatro;Livre;16/07/2025 - 13:30;26/09/2025 - 23:59;Fechada;31/08/2025 - 13:30;;5;;
Teatro Dulcina;Pequeno Arsenal;Teatro;Livre;16/07/2025 - 13:30;26/09/2025 - 23:59;Fechada;03/09/2025 - 13:30;;2;;
Teatro Dulcina;Pequeno Arsenal;Teatro;Livre;16/07/2025 - 13:30;26/09/2025 - 23:59;Fechada;04/09/2025 - 13:30;;5;;
Teatro Dulcina;Pequeno Arsenal;Teatro;Livre;16/07/2025 - 13:30;26/09/2025 - 23:59;Fechada;05/09/2025 - 13:30;;5;;
Teatro Dulcina;Pequeno Arsenal;Teatro;Livre;16/07/2025 - 13:30;26/09/2025 - 23:59;Fechada;06/09/2025 - 13:30;;3;;
Teatro Dulcina;Pequeno Arsenal;Teatro;Livre;16/07/2025 - 13:30;26/09/2025 - 23:59;Fechada;07/09/2025 - 13:30;;5;;
Teatro Dulcina;Pequeno Arsenal;Teatro;Livre;16/07/2025 - 13:30;26/09/2025 - 23:59;Fechada;10/09/2025 - 13:30;;4;;
Teatro Dulcina;Pequeno Arsenal;Teatro;Livre;16/07/2025 - 13:30;26/09/2025 - 23:59;Fechada;11/09/2025 - 13:30;;4;;
Teatro Dulcina;Pequeno Arsenal;Teatro;Livre;16/07/2025 - 13:30;26/09/2025 - 23:59;Fechada;12/09/2025 - 13:30;;5;;
Teatro Dulcina;Pequeno Arsenal;Teatro;Livre;16/07/2025 - 13:30;26/09/2025 - 23:59;Fechada;13/09/2025 - 13:30;;;;
Teatro Dulcina;Pequeno Arsenal;Teatro;Livre;16/07/2025 - 13:30;26/09/2025 - 23:59;Fechada;14/09/2025 - 13:30;;6;;
Teatro Dulcina;Pequeno Arsenal;Teatro;Livre;16/07/2025 - 13:30;26/09/2025 - 23:59;Fechada;17/09/2025 - 13:30;;4;;
Teatro Dulcina;Pequeno Arsenal;Teatro;Livre;16/07/2025 - 13:30;26/09/2025 - 23:59;Fechada;18/09/2025 - 13:30;;;;
Teatro Dulcina;Pequeno Arsenal;Teatro;Livre;16/07/2025 - 13:30;26/09/2025 - 23:59;Fechada;19/09/2025 - 13:30;;;;
Teatro Dulcina;Pequeno Arsenal;Teatro;Livre;16/07/2025 - 13:30;26/09/2025 - 23:59;Fechada;20/09/2025 - 13:30;;;;
Teatro Dulcina;Pequeno Arsenal;Teatro;Livre;16/07/2025 - 13:30;26/09/2025 - 23:59;Fechada;21/09/2025 - 13:30;;;;
Teatro Dulcina;Alf Leila We Leila - Uma Noite de Amor;Dança;Livre;20/07/2025 - 13:00;20/07/2025 - 23:59;Fechada;20/07/2025 - 16:00;40;174;2820;
Teatro Dulcina;Alf Leila We Leila - Uma Noite de Amor;Dança;Livre;20/07/2025 - 13:00;20/07/2025 - 23:59;Fechada;20/07/2025 - 18:00;40;44;960;
Glauce Rocha;O RESTO E O SILENCIO;Teatro;Adulto;04/07/2025 - 19:30;31/07/2025 - 23:59;Fechada;18/07/2025 - 19:30;60;10;300;
Glauce Rocha;O RESTO E O SILENCIO;Teatro;Adulto;04/07/2025 - 19:30;31/07/2025 - 23:59;Fechada;19/07/2025 - 19:30;60;29;720;
Glauce Rocha;O RESTO E O SILENCIO;Teatro;Adulto;04/07/2025 - 19:30;31/07/2025 - 23:59;Fechada;20/07/2025 - 18:30;60;25;240;
Glauce Rocha;O RESTO E O SILENCIO;Teatro;Adulto;04/07/2025 - 19:30;31/07/2025 - 23:59;Fechada;23/07/2025 - 19:30;60;6;120;
Glauce Rocha;O RESTO E O SILENCIO;Teatro;Adulto;04/07/2025 - 19:30;31/07/2025 - 23:59;Fechada;24/07/2025 - 19:30;60;14;210;
Glauce Rocha;O RESTO E O SILENCIO;Teatro;Adulto;04/07/2025 - 19:30;31/07/2025 - 23:59;Fechada;30/07/2025 - 19:30;60;17;270;
Glauce Rocha;O RESTO E O SILENCIO;Teatro;Adulto;04/07/2025 - 19:30;31/07/2025 - 23:59;Fechada;31/07/2025 - 19:30;60;23;120;
Complexo Cultural MG;Dorotéia - Farsa irresponsável;Teatro;Adulto;18/07/2025 - 19:00;20/07/2025 - 22:00;Fechada;18/07/2025 - 20:00;40;80;1620;
Complexo Cultural MG;Dorotéia - Farsa irresponsável;Teatro;Adulto;18/07/2025 - 19:00;20/07/2025 - 22:00;Fechada;19/07/2025 - 20:00;40;49;1080;
Complexo Cultural MG;Dorotéia - Farsa irresponsável;Teatro;Adulto;18/07/2025 - 19:00;20/07/2025 - 22:00;Fechada;20/07/2025 - 19:00;40;57;1540;
Complexo Cultural MG;Expedição Reversa;Teatro;Adulto;18/07/2025 - 18:00;20/07/2025 - 21:00;Fechada;18/07/2025 - 19:00;;34;;
Complexo Cultural MG;Expedição Reversa;Teatro;Adulto;18/07/2025 - 18:00;20/07/2025 - 21:00;Fechada;19/07/2025 - 19:00;;43;;
Complexo Cultural MG;Expedição Reversa;Teatro;Adulto;18/07/2025 - 18:00;20/07/2025 - 21:00;Fechada;20/07/2025 - 19:00;;49;;
Glauce Rocha;A SOLIDÃO DE CAIO FERNANDO ABREU;Teatro;Adulto;04/07/2025 - 19:00;27/07/2025 - 23:59;Fechada;18/07/2025 - 19:00;60;4;180;
Glauce Rocha;A SOLIDÃO DE CAIO FERNANDO ABREU;Teatro;Adulto;04/07/2025 - 19:00;27/07/2025 - 23:59;Fechada;19/07/2025 - 19:00;60;18;270;
Glauce Rocha;A SOLIDÃO DE CAIO FERNANDO ABREU;Teatro;Adulto;04/07/2025 - 19:00;27/07/2025 - 23:59;Fechada;20/07/2025 - 18:00;60;18;240;
Glauce Rocha;A SOLIDÃO DE CAIO FERNANDO ABREU;Teatro;Adulto;04/07/2025 - 19:00;27/07/2025 - 23:59;Fechada;25/07/2025 - 19:00;60;37;600;
Glauce Rocha;A SOLIDÃO DE CAIO FERNANDO ABREU;Teatro;Adulto;04/07/2025 - 19:00;27/07/2025 - 23:59;Fechada;26/07/2025 - 19:00;60;36;540;
Glauce Rocha;A SOLIDÃO DE CAIO FERNANDO ABREU;Teatro;Adulto;04/07/2025 - 19:00;27/07/2025 - 23:59;Fechada;27/07/2025 - 18:00;60;22;120;
Complexo Cultural Funarte SP;Voa Passarinho;Teatro;Livre;17/07/2025 - 11:00;19/07/2025 - 11:50;Fechada;17/07/2025 - 11:00;40;24;560;
Complexo Cultural Funarte SP;Voa Passarinho;Teatro;Livre;17/07/2025 - 11:00;19/07/2025 - 11:50;Fechada;17/07/2025 - 15:00;40;48;1300;
Complexo Cultural Funarte SP;Voa Passarinho;Teatro;Livre;17/07/2025 - 11:00;19/07/2025 - 11:50;Fechada;18/07/2025 - 11:00;40;12;280;
Complexo Cultural Funarte SP;Voa Passarinho;Teatro;Livre;17/07/2025 - 11:00;19/07/2025 - 11:50;Fechada;18/07/2025 - 17:00;40;24;600;
Complexo Cultural Funarte SP;Voa Passarinho;Teatro;Livre;17/07/2025 - 11:00;19/07/2025 - 11:50;Fechada;19/07/2025 - 15:00;40;39;1100;
Cacilda Becker;Projeto Medeia Carimbo;Teatro;Adulto;25/07/2025 - 00:00;17/08/2025 - 23:50;Fechada;25/07/2025 - 19:30;30;51;505;
Cacilda Becker;Projeto Medeia Carimbo;Teatro;Adulto;25/07/2025 - 00:00;17/08/2025 - 23:50;Fechada;26/07/2025 - 19:30;30;34;215;
Cacilda Becker;Projeto Medeia Carimbo;Teatro;Adulto;25/07/2025 - 00:00;17/08/2025 - 23:50;Fechada;27/07/2025 - 19:30;30;27;270;
Cacilda Becker;Projeto Medeia Carimbo;Teatro;Adulto;25/07/2025 - 00:00;17/08/2025 - 23:50;Fechada;01/08/2025 - 19:30;30;35;460;
Cacilda Becker;Projeto Medeia Carimbo;Teatro;Adulto;25/07/2025 - 00:00;17/08/2025 - 23:50;Fechada;02/08/2025 - 19:30;30;7;105;
Cacilda Becker;Projeto Medeia Carimbo;Teatro;Adulto;25/07/2025 - 00:00;17/08/2025 - 23:50;Fechada;03/08/2025 - 19:30;30;23;165;
Cacilda Becker;Projeto Medeia Carimbo;Teatro;Adulto;25/07/2025 - 00:00;17/08/2025 - 23:50;Fechada;08/08/2025 - 19:30;30;28;210;
Cacilda Becker;Projeto Medeia Carimbo;Teatro;Adulto;25/07/2025 - 00:00;17/08/2025 - 23:50;Fechada;09/08/2025 - 19:30;30;10;45;
Cacilda Becker;Projeto Medeia Carimbo;Teatro;Adulto;25/07/2025 - 00:00;17/08/2025 - 23:50;Fechada;10/08/2025 - 19:30;30;33;245;
Cacilda Becker;Projeto Medeia Carimbo;Teatro;Adulto;25/07/2025 - 00:00;17/08/2025 - 23:50;Fechada;15/08/2025 - 19:30;30;38;455;
Cacilda Becker;Projeto Medeia Carimbo;Teatro;Adulto;25/07/2025 - 00:00;17/08/2025 - 23:50;Fechada;16/08/2025 - 19:30;30;44;520;
Cacilda Becker;Projeto Medeia Carimbo;Teatro;Adulto;25/07/2025 - 00:00;17/08/2025 - 23:50;Fechada;17/08/2025 - 19:30;30;48;365;
Cacilda Becker;Retomada - Teatro Negros;Artes Integradas;Adulto;17/07/2025 - 07:00;31/07/2025 - 22:00;Fechada;22/07/2025 - 09:00;;20;;
Cacilda Becker;Retomada - Teatro Negros;Artes Integradas;Adulto;17/07/2025 - 07:00;31/07/2025 - 22:00;Fechada;23/07/2025 - 09:00;;19;;
Cacilda Becker;Retomada - Teatro Negros;Artes Integradas;Adulto;17/07/2025 - 07:00;31/07/2025 - 22:00;Fechada;24/07/2025 - 09:00;;22;;
Cacilda Becker;Retomada - Teatro Negros;Artes Integradas;Adulto;17/07/2025 - 07:00;31/07/2025 - 22:00;Fechada;29/07/2025 - 09:00;;24;;
Cacilda Becker;Retomada - Teatro Negros;Artes Integradas;Adulto;17/07/2025 - 07:00;31/07/2025 - 22:00;Fechada;30/07/2025 - 09:00;;20;;
Cacilda Becker;Retomada - Teatro Negros;Artes Integradas;Adulto;17/07/2025 - 07:00;31/07/2025 - 22:00;Fechada;31/07/2025 - 09:00;;28;;
Cacilda Becker;Retomada - Teatro Negros;Artes Integradas;Adulto;17/07/2025 - 07:00;31/07/2025 - 22:00;Fechada;17/07/2025 - 21:24;;19;;
Complexo Cultural Funarte SP;Ocupação FANON 100 ANOS e NUTAAN 2025;Dança;Livre;17/07/2025 - 20:00;20/07/2025 - 20:00;Fechada;17/07/2025 - 20:00;;43;;
Complexo Cultural Funarte SP;Ocupação FANON 100 ANOS e NUTAAN 2025;Dança;Livre;17/07/2025 - 20:00;20/07/2025 - 20:00;Fechada;18/07/2025 - 19:00;;28;;
Complexo Cultural Funarte SP;Ocupação FANON 100 ANOS e NUTAAN 2025;Dança;Livre;17/07/2025 - 20:00;20/07/2025 - 20:00;Fechada;18/07/2025 - 20:00;;31;;
Complexo Cultural Funarte SP;Ocupação FANON 100 ANOS e NUTAAN 2025;Dança;Livre;17/07/2025 - 20:00;20/07/2025 - 20:00;Fechada;19/07/2025 - 18:00;;45;;
Complexo Cultural Funarte SP;Ocupação FANON 100 ANOS e NUTAAN 2025;Dança;Livre;17/07/2025 - 20:00;20/07/2025 - 20:00;Fechada;19/07/2025 - 20:00;;37;;
Complexo Cultural Funarte SP;Ocupação FANON 100 ANOS e NUTAAN 2025;Dança;Livre;17/07/2025 - 20:00;20/07/2025 - 20:00;Fechada;20/07/2025 - 17:00;;27;;
Complexo Cultural Funarte SP;Ocupação FANON 100 ANOS e NUTAAN 2025;Dança;Livre;17/07/2025 - 20:00;20/07/2025 - 20:00;Fechada;20/07/2025 - 19:00;;53;;
Complexo Cultural Funarte SP;Ocupação FANON 100 ANOS e NUTAAN 2025;Dança;Livre;17/07/2025 - 20:00;20/07/2025 - 20:00;Fechada;20/07/2025 - 20:00;;53;;
Cacilda Becker;Companhia Candongas e Outras Firulas;Teatro;Adulto;19/07/2025 - 15:04;20/07/2025 - 21:04;Fechada;19/07/2025 - 19:00;;57;;
Cacilda Becker;Companhia Candongas e Outras Firulas;Teatro;Adulto;19/07/2025 - 15:04;20/07/2025 - 21:04;Fechada;20/07/2025 - 19:00;;70;;
Complexo Cultural Funarte SP;O Penultimo Sinal;Teatro;Livre;19/07/2025 - 16:00;20/08/2025 - 16:55;Fechada;19/07/2025 - 16:00;;46;;
Complexo Cultural Funarte SP;O Penultimo Sinal;Teatro;Livre;19/07/2025 - 16:00;20/08/2025 - 16:55;Fechada;20/07/2025 - 16:00;;35;;
Cacilda Becker;Coordenação motora com preparação corporal para bailarinos em cena;Dança;Adulto;15/07/2025 - 00:00;30/10/2025 - 23:00;Fechada;22/07/2025 - 14:00;;8;;
Cacilda Becker;Coordenação motora com preparação corporal para bailarinos em cena;Dança;Adulto;15/07/2025 - 00:00;30/10/2025 - 23:00;Fechada;15/07/2025 - 14:00;;;;
Cacilda Becker;Coordenação motora com preparação corporal para bailarinos em cena;Dança;Adulto;15/07/2025 - 00:00;30/10/2025 - 23:00;Fechada;29/07/2025 - 14:00;;10;;
Cacilda Becker;Coordenação motora com preparação corporal para bailarinos em cena;Dança;Adulto;15/07/2025 - 00:00;30/10/2025 - 23:00;Fechada;05/08/2025 - 14:00;;7;;
Cacilda Becker;Coordenação motora com preparação corporal para bailarinos em cena;Dança;Adulto;15/07/2025 - 00:00;30/10/2025 - 23:00;Fechada;12/08/2025 - 14:00;;;;
Cacilda Becker;Coordenação motora com preparação corporal para bailarinos em cena;Dança;Adulto;15/07/2025 - 00:00;30/10/2025 - 23:00;Fechada;19/08/2025 - 14:00;;;;
Cacilda Becker;Coordenação motora com preparação corporal para bailarinos em cena;Dança;Adulto;15/07/2025 - 00:00;30/10/2025 - 23:00;Fechada;19/08/2025 - 14:00;;7;;
Cacilda Becker;Coordenação motora com preparação corporal para bailarinos em cena;Dança;Adulto;15/07/2025 - 00:00;30/10/2025 - 23:00;Fechada;26/08/2025 - 15:00;;8;;
Cacilda Becker;Coordenação motora com preparação corporal para bailarinos em cena;Dança;Adulto;15/07/2025 - 00:00;30/10/2025 - 23:00;Fechada;02/09/2025 - 14:00;;8;;
Cacilda Becker;Coordenação motora com preparação corporal para bailarinos em cena;Dança;Adulto;15/07/2025 - 00:00;30/10/2025 - 23:00;Fechada;09/09/2025 - 14:00;;7;;
Cacilda Becker;Coordenação motora com preparação corporal para bailarinos em cena;Dança;Adulto;15/07/2025 - 00:00;30/10/2025 - 23:00;Fechada;16/09/2025 - 14:00;;7;;
Cacilda Becker;Coordenação motora com preparação corporal para bailarinos em cena;Dança;Adulto;15/07/2025 - 00:00;30/10/2025 - 23:00;Fechada;23/09/2025 - 14:00;;;;
Cacilda Becker;Coordenação motora com preparação corporal para bailarinos em cena;Dança;Adulto;15/07/2025 - 00:00;30/10/2025 - 23:00;Fechada;30/09/2025 - 14:00;;;;
Cacilda Becker;Matéria;Dança;Adulto;03/06/2025 - 00:00;26/08/2025 - 23:59;Fechada;01/07/2025 - 14:00;;;;
Cacilda Becker;Matéria;Dança;Adulto;03/06/2025 - 00:00;26/08/2025 - 23:59;Fechada;08/07/2025 - 14:00;;;;
Cacilda Becker;Matéria;Dança;Adulto;03/06/2025 - 00:00;26/08/2025 - 23:59;Fechada;15/07/2025 - 14:00;;;;
Cacilda Becker;Matéria;Dança;Adulto;03/06/2025 - 00:00;26/08/2025 - 23:59;Fechada;22/07/2025 - 14:00;;8;;
Cacilda Becker;Matéria;Dança;Adulto;03/06/2025 - 00:00;26/08/2025 - 23:59;Fechada;29/07/2025 - 14:00;;9;;
Cacilda Becker;Matéria;Dança;Adulto;03/06/2025 - 00:00;26/08/2025 - 23:59;Fechada;05/08/2025 - 14:00;;8;;
Cacilda Becker;Matéria;Dança;Adulto;03/06/2025 - 00:00;26/08/2025 - 23:59;Fechada;22/07/2025 - 15:00;;8;;
Cacilda Becker;Matéria;Dança;Adulto;03/06/2025 - 00:00;26/08/2025 - 23:59;Fechada;18/08/2025 - 15:00;;;;
Cacilda Becker;Matéria;Dança;Adulto;03/06/2025 - 00:00;26/08/2025 - 23:59;Fechada;18/08/2025 - 15:00;;8;;
Cacilda Becker;Matéria;Dança;Adulto;03/06/2025 - 00:00;26/08/2025 - 23:59;Fechada;19/08/2025 - 15:00;;20;;
Cacilda Becker;Matéria;Dança;Adulto;03/06/2025 - 00:00;26/08/2025 - 23:59;Fechada;26/08/2025 - 15:00;;6;;
Cacilda Becker;Matéria;Dança;Adulto;02/09/2025 - 09:00;28/10/2025 - 21:00;Fechada;02/09/2025 - 15:00;;6;;
Cacilda Becker;Matéria;Dança;Adulto;02/09/2025 - 09:00;28/10/2025 - 21:00;Fechada;09/09/2025 - 15:00;;6;;
Cacilda Becker;Matéria;Dança;Adulto;02/09/2025 - 09:00;28/10/2025 - 21:00;Fechada;16/09/2025 - 15:00;;6;;
Cacilda Becker;Matéria;Dança;Adulto;02/09/2025 - 09:00;28/10/2025 - 21:00;Fechada;23/09/2025 - 15:00;;;;
Cacilda Becker;Matéria;Dança;Adulto;02/09/2025 - 09:00;28/10/2025 - 21:00;Fechada;30/09/2025 - 15:00;;;;
Cacilda Becker;Matéria;Dança;Adulto;02/09/2025 - 09:00;28/10/2025 - 21:00;Fechada;16/09/2025 - 15:00;;6;;
Cacilda Becker;Matéria;Dança;Adulto;02/09/2025 - 09:00;28/10/2025 - 21:00;Fechada;23/09/2025 - 15:00;;;;
Cacilda Becker;Matéria;Dança;Adulto;02/09/2025 - 09:00;28/10/2025 - 21:00;Fechada;30/09/2025 - 15:00;;;;
Cacilda Becker;Oficinas de Danca com a Pulsar Cia. de Danca e Teatro com a Angelica Gomes;Dança;Livre;02/06/2025 - 00:00;25/08/2025 - 23:59;Fechada;21/07/2025 - 13:30;;26;;
Cacilda Becker;Oficinas de Danca com a Pulsar Cia. de Danca e Teatro com a Angelica Gomes;Dança;Livre;02/06/2025 - 00:00;25/08/2025 - 23:59;Fechada;28/07/2025 - 13:30;;;;
Cacilda Becker;Oficinas de Danca com a Pulsar Cia. de Danca e Teatro com a Angelica Gomes;Dança;Livre;02/06/2025 - 00:00;25/08/2025 - 23:59;Fechada;04/08/2025 - 13:30;;43;;
Cacilda Becker;Oficinas de Danca com a Pulsar Cia. de Danca e Teatro com a Angelica Gomes;Dança;Livre;02/06/2025 - 00:00;25/08/2025 - 23:59;Fechada;18/08/2025 - 13:30;;;;
Cacilda Becker;Oficinas de Danca com a Pulsar Cia. de Danca e Teatro com a Angelica Gomes;Dança;Livre;02/06/2025 - 00:00;25/08/2025 - 23:59;Fechada;18/08/2025 - 13:30;;28;;
Cacilda Becker;Oficinas de Danca com a Pulsar Cia. de Danca e Teatro com a Angelica Gomes;Dança;Livre;02/06/2025 - 00:00;25/08/2025 - 23:59;Fechada;20/08/2025 - 13:30;;28;;
Cacilda Becker;Oficinas de Danca com a Pulsar Cia. de Danca e Teatro com a Angelica Gomes;Dança;Livre;02/06/2025 - 00:00;25/08/2025 - 23:59;Fechada;11/08/2025 - 13:30;;;;
Cacilda Becker;Oficinas de Danca com a Pulsar Cia. de Danca e Teatro com a Angelica Gomes;Dança;Livre;02/06/2025 - 00:00;25/08/2025 - 23:59;Fechada;18/08/2025 - 13:30;;51;;
Cacilda Becker;Oficinas de Danca com a Pulsar Cia. de Danca e Teatro com a Angelica Gomes;Dança;Livre;02/06/2025 - 00:00;25/08/2025 - 23:59;Fechada;25/08/2025 - 15:30;;53;;
Complexo Cultural MG;O Sexo Do Vento;Teatro;Adulto;24/07/2025 - 20:00;26/07/2025 - 21:20;Fechada;25/07/2025 - 20:00;60;29;480;
Complexo Cultural MG;O Sexo Do Vento;Teatro;Adulto;24/07/2025 - 20:00;26/07/2025 - 21:20;Fechada;26/07/2025 - 20:00;60;19;450;
Complexo Cultural Funarte SP;Ensaio Aberto: Pingo - Circo para Bebês;Teatro;Livre;25/07/2025 - 14:00;26/07/2025 - 14:45;Fechada;26/07/2025 - 14:00;;10;;
Complexo Cultural Funarte SP;Ensaio Aberto: Pingo - Circo para Bebês;Teatro;Livre;25/07/2025 - 14:00;26/07/2025 - 14:45;Fechada;25/07/2025 - 14:00;;14;;
Complexo Cultural Funarte SP;Criaturas Invisíveis;Teatro;Livre;25/07/2025 - 10:00;25/07/2025 - 14:45;Fechada;25/07/2025 - 10:00;;22;;
Teatro Dulcina;Incidente - Tudo Pode Acontecer;Teatro;Livre;31/07/2025 - 13:00;17/08/2025 - 22:00;Fechada;31/07/2025 - 19:00;30;93;150;
Teatro Dulcina;Incidente - Tudo Pode Acontecer;Teatro;Livre;31/07/2025 - 13:00;17/08/2025 - 22:00;Fechada;01/08/2025 - 19:00;30;55;15;
Teatro Dulcina;Incidente - Tudo Pode Acontecer;Teatro;Livre;31/07/2025 - 13:00;17/08/2025 - 22:00;Fechada;02/08/2025 - 19:00;30;56;30;
Teatro Dulcina;Incidente - Tudo Pode Acontecer;Teatro;Livre;31/07/2025 - 13:00;17/08/2025 - 22:00;Fechada;03/08/2025 - 18:00;30;41;15;
Teatro Dulcina;Incidente - Tudo Pode Acontecer;Teatro;Livre;31/07/2025 - 13:00;17/08/2025 - 22:00;Fechada;07/08/2025 - 19:00;30;25;45;
Teatro Dulcina;Incidente - Tudo Pode Acontecer;Teatro;Livre;31/07/2025 - 13:00;17/08/2025 - 22:00;Fechada;08/08/2025 - 19:00;30;43;235;
Teatro Dulcina;Incidente - Tudo Pode Acontecer;Teatro;Livre;31/07/2025 - 13:00;17/08/2025 - 22:00;Fechada;09/08/2025 - 19:00;30;41;160;
Teatro Dulcina;Incidente - Tudo Pode Acontecer;Teatro;Livre;31/07/2025 - 13:00;17/08/2025 - 22:00;Fechada;10/08/2025 - 18:00;30;;;
Teatro Dulcina;Incidente - Tudo Pode Acontecer;Teatro;Livre;31/07/2025 - 13:00;17/08/2025 - 22:00;Fechada;14/08/2025 - 19:00;30;15;50;
Teatro Dulcina;Incidente - Tudo Pode Acontecer;Teatro;Livre;31/07/2025 - 13:00;17/08/2025 - 22:00;Fechada;15/08/2025 - 19:00;30;37;255;
Teatro Dulcina;Incidente - Tudo Pode Acontecer;Teatro;Livre;31/07/2025 - 13:00;17/08/2025 - 22:00;Fechada;16/08/2025 - 19:00;30;77;525;
Teatro Dulcina;Incidente - Tudo Pode Acontecer;Teatro;Livre;31/07/2025 - 13:00;17/08/2025 - 22:00;Fechada;17/08/2025 - 18:00;30;80;320;
Teatro de Arena Eugênio Kusnet;Relatos de Viagem;Teatro;Infantil;27/07/2025 - 13:00;27/07/2025 - 22:00;Fechada;27/07/2025 - 19:00;80;80;780;
Complexo Cultural MG;Shams Dance Festival;Dança;Livre;26/07/2025 - 17:00;26/07/2025 - 19:00;Fechada;26/07/2025 - 17:00;40;52;880;
Complexo Cultural MG;Parada @bsurda;Outras;Livre;27/07/2025 - 14:00;27/07/2025 - 22:00;Aberta;27/07/2025 - 14:00;30;865;25950;
Teatro de Arena Eugênio Kusnet;Pietá;Teatro;Infantil;31/07/2025 - 13:00;17/08/2025 - 22:00;Fechada;31/07/2025 - 20:00;60;61;1380;
Teatro de Arena Eugênio Kusnet;Pietá;Teatro;Infantil;31/07/2025 - 13:00;17/08/2025 - 22:00;Fechada;01/08/2025 - 20:00;60;57;240;
Teatro de Arena Eugênio Kusnet;Pietá;Teatro;Infantil;31/07/2025 - 13:00;17/08/2025 - 22:00;Fechada;02/08/2025 - 20:00;60;24;570;
Teatro de Arena Eugênio Kusnet;Pietá;Teatro;Infantil;31/07/2025 - 13:00;17/08/2025 - 22:00;Fechada;03/08/2025 - 18:00;60;37;780;
Teatro de Arena Eugênio Kusnet;Pietá;Teatro;Infantil;31/07/2025 - 13:00;17/08/2025 - 22:00;Fechada;07/08/2025 - 20:00;60;23;300;
Teatro de Arena Eugênio Kusnet;Pietá;Teatro;Infantil;31/07/2025 - 13:00;17/08/2025 - 22:00;Fechada;08/08/2025 - 20:00;60;21;480;
Teatro de Arena Eugênio Kusnet;Pietá;Teatro;Infantil;31/07/2025 - 13:00;17/08/2025 - 22:00;Fechada;09/08/2025 - 20:00;60;38;1170;
Teatro de Arena Eugênio Kusnet;Pietá;Teatro;Infantil;31/07/2025 - 13:00;17/08/2025 - 22:00;Fechada;10/08/2025 - 18:00;60;41;570;
Teatro de Arena Eugênio Kusnet;Pietá;Teatro;Infantil;31/07/2025 - 13:00;17/08/2025 - 22:00;Fechada;14/08/2025 - 20:00;60;25;570;
Teatro de Arena Eugênio Kusnet;Pietá;Teatro;Infantil;31/07/2025 - 13:00;17/08/2025 - 22:00;Fechada;15/08/2025 - 20:00;60;47;1170;
Teatro de Arena Eugênio Kusnet;Pietá;Teatro;Infantil;31/07/2025 - 13:00;17/08/2025 - 22:00;Fechada;16/08/2025 - 20:00;60;68;1710;
Teatro de Arena Eugênio Kusnet;Pietá;Teatro;Infantil;31/07/2025 - 13:00;17/08/2025 - 22:00;Fechada;17/08/2025 - 19:00;60;84;1800;
Complexo Cultural MG;Parada @bsurda - Oficina Drag - Dia 1;Outras;Adulto;23/07/2025 - 20:00;23/07/2025 - 22:00;Fechada;23/07/2025 - 20:00;;15;;
Complexo Cultural MG;Parada @bsurda - Oficina Drag - Dia 2;Outras;Adulto;24/07/2025 - 20:00;24/07/2025 - 22:00;Fechada;24/07/2025 - 22:00;;18;;
Complexo Cultural MG;Parada @bsurda - Gravação de Podcast;Outras;Adulto;25/07/2025 - 20:00;25/07/2025 - 22:00;Fechada;25/07/2025 - 20:00;;41;;
Cacilda Becker;Grupo Cerco Apresenta: Arena Selvagem;Dança;Adulto;30/07/2025 - 19:30;31/07/2025 - 21:30;Fechada;30/07/2025 - 19:30;;97;;
Cacilda Becker;Grupo Cerco Apresenta: Arena Selvagem;Dança;Adulto;30/07/2025 - 19:30;31/07/2025 - 21:30;Fechada;31/07/2025 - 19:30;;140;;
Complexo Cultural MG;Os Arqueólogos;Teatro;Livre;30/07/2025 - 20:30;05/08/2025 - 21:30;Fechada;30/07/2025 - 20:30;30;58;915;
Complexo Cultural MG;Os Arqueólogos;Teatro;Livre;30/07/2025 - 20:30;05/08/2025 - 21:30;Fechada;31/07/2025 - 20:30;30;54;765;
Complexo Cultural MG;Os Arqueólogos;Teatro;Livre;30/07/2025 - 20:30;05/08/2025 - 21:30;Fechada;01/08/2025 - 20:30;30;47;645;
Complexo Cultural MG;Os Arqueólogos;Teatro;Livre;30/07/2025 - 20:30;05/08/2025 - 21:30;Fechada;02/08/2025 - 20:30;30;53;915;
Complexo Cultural MG;Os Arqueólogos;Teatro;Livre;30/07/2025 - 20:30;05/08/2025 - 21:30;Fechada;03/08/2025 - 20:30;30;66;1215;
Complexo Cultural MG;Os Arqueólogos;Teatro;Livre;30/07/2025 - 20:30;05/08/2025 - 21:30;Fechada;04/08/2025 - 20:30;30;61;900;
Complexo Cultural MG;Os Arqueólogos;Teatro;Livre;30/07/2025 - 20:30;05/08/2025 - 21:30;Fechada;05/08/2025 - 20:30;30;85;1455;
Glauce Rocha;IMPRO GRAND PRIX - RÊALITXISTÁR;Teatro;Adulto;01/08/2025 - 19:00;02/08/2025 - 23:59;Fechada;01/08/2025 - 19:00;40;51;760;
Glauce Rocha;IMPRO GRAND PRIX - RÊALITXISTÁR;Teatro;Adulto;01/08/2025 - 19:00;02/08/2025 - 23:59;Fechada;02/08/2025 - 19:00;40;23;120;
Complexo Cultural Funarte SP;O Penúltimo Sinal .;Teatro;Livre;26/07/2025 - 10:00;03/08/2025 - 22:00;Fechada;26/07/2025 - 16:00;40;25;620;
Complexo Cultural Funarte SP;O Penúltimo Sinal .;Teatro;Livre;26/07/2025 - 10:00;03/08/2025 - 22:00;Fechada;27/07/2025 - 16:00;40;20;400;
Complexo Cultural Funarte SP;O Penúltimo Sinal .;Teatro;Livre;26/07/2025 - 10:00;03/08/2025 - 22:00;Fechada;02/08/2025 - 16:00;40;35;620;
Complexo Cultural Funarte SP;O Penúltimo Sinal .;Teatro;Livre;26/07/2025 - 10:00;03/08/2025 - 22:00;Fechada;03/08/2025 - 16:00;40;36;780;
Glauce Rocha;IMPRO GRAND PRIX - MELODRAMA DA MEIA NOITE;Teatro;Adulto;08/08/2025 - 19:00;09/08/2025 - 23:59;Fechada;08/08/2025 - 19:00;40;182;3540;
Glauce Rocha;IMPRO GRAND PRIX - MELODRAMA DA MEIA NOITE;Teatro;Adulto;08/08/2025 - 19:00;09/08/2025 - 23:59;Fechada;09/08/2025 - 19:00;40;183;3620;
Glauce Rocha;IMPRO GRAND PRIX - RIO DE HISTORIAS;Teatro;Adulto;15/08/2025 - 19:00;16/08/2025 - 23:59;Fechada;15/08/2025 - 19:00;40;78;120;
Glauce Rocha;IMPRO GRAND PRIX - RIO DE HISTORIAS;Teatro;Adulto;15/08/2025 - 19:00;16/08/2025 - 23:59;Fechada;16/08/2025 - 19:00;40;53;260;
Glauce Rocha;IMPRO GRAND PRIX - NOVELO;Teatro;Adulto;22/08/2025 - 19:00;23/08/2025 - 23:59;Fechada;22/08/2025 - 19:00;40;56;420;
Glauce Rocha;IMPRO GRAND PRIX - NOVELO;Teatro;Adulto;22/08/2025 - 19:00;23/08/2025 - 23:59;Fechada;23/08/2025 - 19:00;40;41;280;
Glauce Rocha;IMPRO GRAND PRIX - PEQUENA MÁQUINA GERADORA DE HISTÓRIAS INACREDITAVELMENTE FANTÁSTICAS;Teatro;Adulto;29/08/2025 - 19:00;30/08/2025 - 23:59;Fechada;29/08/2025 - 19:00;40;29;460;
Glauce Rocha;IMPRO GRAND PRIX - PEQUENA MÁQUINA GERADORA DE HISTÓRIAS INACREDITAVELMENTE FANTÁSTICAS;Teatro;Adulto;29/08/2025 - 19:00;30/08/2025 - 23:59;Fechada;30/08/2025 - 19:00;40;37;140;
Glauce Rocha;IMPRO GRAND PRIX - ERA UMA VEZ;Teatro;Infantil;02/08/2025 - 16:00;03/08/2025 - 23:59;Fechada;02/08/2025 - 16:00;40;10;;
Glauce Rocha;IMPRO GRAND PRIX - ERA UMA VEZ;Teatro;Infantil;02/08/2025 - 16:00;03/08/2025 - 23:59;Fechada;03/08/2025 - 16:00;40;12;60;
Glauce Rocha;IMPRO GRAND PRIX - A BATALHINHA DE IMPROVISAÇÃO COM MÁSCARAS PARA CRIANÇAS;Teatro;Infantil;09/08/2025 - 16:00;10/08/2025 - 23:59;Fechada;09/08/2025 - 16:00;40;32;180;
Glauce Rocha;IMPRO GRAND PRIX - A BATALHINHA DE IMPROVISAÇÃO COM MÁSCARAS PARA CRIANÇAS;Teatro;Infantil;09/08/2025 - 16:00;10/08/2025 - 23:59;Fechada;10/08/2025 - 16:00;40;24;120;
Glauce Rocha;IMPRO GRAND PRIX - BIOGRAFIA;Teatro;Infantil;16/08/2025 - 16:00;17/08/2025 - 23:59;Fechada;16/08/2025 - 16:00;40;84;1360;
Glauce Rocha;IMPRO GRAND PRIX - BIOGRAFIA;Teatro;Infantil;16/08/2025 - 16:00;17/08/2025 - 23:59;Fechada;17/08/2025 - 16:00;40;83;1240;
Glauce Rocha;IMPRO GRAND PRIX - COISAS COISADAS;Teatro;Infantil;23/08/2025 - 16:00;24/08/2025 - 23:59;Fechada;23/08/2025 - 16:00;40;74;20;
Glauce Rocha;IMPRO GRAND PRIX - COISAS COISADAS;Teatro;Infantil;23/08/2025 - 16:00;24/08/2025 - 23:59;Fechada;24/08/2025 - 16:00;40;79;260;
Glauce Rocha;IMPRO GRAND PRIX - OS CURIOSOS CAUSOS DA CIDADE DESENHADA;Teatro;Infantil;30/08/2025 - 16:00;31/08/2025 - 23:59;Fechada;30/08/2025 - 16:00;40;43;400;
Glauce Rocha;IMPRO GRAND PRIX - OS CURIOSOS CAUSOS DA CIDADE DESENHADA;Teatro;Infantil;30/08/2025 - 16:00;31/08/2025 - 23:59;Fechada;31/08/2025 - 16:00;40;30;160;
Glauce Rocha;IMPRO GRAND PRIX - DESPORTIVO IMPRO;Teatro;Adulto;01/08/2025 - 19:00;31/08/2025 - 23:59;Fechada;03/08/2025 - 18:00;;5;;
Glauce Rocha;IMPRO GRAND PRIX - DESPORTIVO IMPRO;Teatro;Adulto;01/08/2025 - 19:00;31/08/2025 - 23:59;Fechada;10/08/2025 - 18:00;;;;
Glauce Rocha;IMPRO GRAND PRIX - DESPORTIVO IMPRO;Teatro;Adulto;01/08/2025 - 19:00;31/08/2025 - 23:59;Fechada;17/08/2025 - 18:00;;;;
Glauce Rocha;IMPRO GRAND PRIX - DESPORTIVO IMPRO;Teatro;Adulto;01/08/2025 - 19:00;31/08/2025 - 23:59;Fechada;24/08/2025 - 18:00;;;;
Glauce Rocha;A VIA DOLOROSA DE CADA UMA - exposição;Outras;Livre;01/08/2025 - 13:30;31/08/2025 - 20:30;Fechada;01/08/2025 - 13:30;;50;;
Glauce Rocha;A VIA DOLOROSA DE CADA UMA - exposição;Outras;Livre;01/08/2025 - 13:30;31/08/2025 - 20:30;Fechada;02/08/2025 - 13:30;;10;;
Glauce Rocha;A VIA DOLOROSA DE CADA UMA - exposição;Outras;Livre;01/08/2025 - 13:30;31/08/2025 - 20:30;Fechada;03/08/2025 - 13:30;;10;;
Glauce Rocha;A VIA DOLOROSA DE CADA UMA - exposição;Outras;Livre;01/08/2025 - 13:30;31/08/2025 - 20:30;Fechada;06/08/2025 - 13:30;;18;;
Glauce Rocha;A VIA DOLOROSA DE CADA UMA - exposição;Outras;Livre;01/08/2025 - 13:30;31/08/2025 - 20:30;Fechada;07/08/2025 - 13:30;;11;;
Glauce Rocha;A VIA DOLOROSA DE CADA UMA - exposição;Outras;Livre;01/08/2025 - 13:30;31/08/2025 - 20:30;Fechada;08/08/2025 - 13:30;;28;;
Glauce Rocha;A VIA DOLOROSA DE CADA UMA - exposição;Outras;Livre;01/08/2025 - 13:30;31/08/2025 - 20:30;Fechada;09/08/2025 - 13:30;;40;;
Glauce Rocha;A VIA DOLOROSA DE CADA UMA - exposição;Outras;Livre;01/08/2025 - 13:30;31/08/2025 - 20:30;Fechada;10/08/2025 - 13:30;;10;;
Glauce Rocha;A VIA DOLOROSA DE CADA UMA - exposição;Outras;Livre;01/08/2025 - 13:30;31/08/2025 - 20:30;Fechada;13/08/2025 - 13:30;;17;;
Glauce Rocha;A VIA DOLOROSA DE CADA UMA - exposição;Outras;Livre;01/08/2025 - 13:30;31/08/2025 - 20:30;Fechada;14/08/2025 - 13:30;;12;;
Glauce Rocha;A VIA DOLOROSA DE CADA UMA - exposição;Outras;Livre;01/08/2025 - 13:30;31/08/2025 - 20:30;Fechada;15/08/2025 - 13:30;;13;;
Glauce Rocha;A VIA DOLOROSA DE CADA UMA - exposição;Outras;Livre;01/08/2025 - 13:30;31/08/2025 - 20:30;Fechada;16/08/2025 - 13:30;;15;;
Glauce Rocha;A VIA DOLOROSA DE CADA UMA - exposição;Outras;Livre;01/08/2025 - 13:30;31/08/2025 - 20:30;Fechada;17/08/2025 - 13:30;;9;;
Glauce Rocha;A VIA DOLOROSA DE CADA UMA - exposição;Outras;Livre;01/08/2025 - 13:30;31/08/2025 - 20:30;Fechada;20/08/2025 - 13:30;;21;;
Glauce Rocha;A VIA DOLOROSA DE CADA UMA - exposição;Outras;Livre;01/08/2025 - 13:30;31/08/2025 - 20:30;Fechada;21/08/2025 - 13:30;;7;;
Glauce Rocha;A VIA DOLOROSA DE CADA UMA - exposição;Outras;Livre;01/08/2025 - 13:30;31/08/2025 - 20:30;Fechada;22/08/2025 - 13:30;;23;;
Glauce Rocha;A VIA DOLOROSA DE CADA UMA - exposição;Outras;Livre;01/08/2025 - 13:30;31/08/2025 - 20:30;Fechada;23/08/2025 - 13:30;;11;;
Glauce Rocha;A VIA DOLOROSA DE CADA UMA - exposição;Outras;Livre;01/08/2025 - 13:30;31/08/2025 - 20:30;Fechada;24/08/2025 - 13:30;;7;;
Glauce Rocha;A VIA DOLOROSA DE CADA UMA - exposição;Outras;Livre;01/08/2025 - 13:30;31/08/2025 - 20:30;Fechada;27/08/2025 - 13:30;;26;;
Glauce Rocha;A VIA DOLOROSA DE CADA UMA - exposição;Outras;Livre;01/08/2025 - 13:30;31/08/2025 - 20:30;Fechada;28/08/2025 - 13:30;;7;;
Glauce Rocha;A VIA DOLOROSA DE CADA UMA - exposição;Outras;Livre;01/08/2025 - 13:30;31/08/2025 - 20:30;Fechada;29/08/2025 - 13:30;;18;;
Glauce Rocha;A VIA DOLOROSA DE CADA UMA - exposição;Outras;Livre;01/08/2025 - 13:30;31/08/2025 - 20:30;Fechada;30/08/2025 - 13:30;;12;;
Glauce Rocha;A VIA DOLOROSA DE CADA UMA - exposição;Outras;Livre;01/08/2025 - 13:30;31/08/2025 - 20:30;Fechada;31/08/2025 - 13:30;;15;;
Complexo Cultural MG;O Medo que nos Move;Artes Integradas;Adulto;01/08/2025 - 19:30;01/08/2025 - 20:40;Fechada;01/08/2025 - 19:30;;28;;
Glauce Rocha;IMPRO GRAND PRIX - PIT STOP;Teatro;Livre;01/08/2025 - 16:00;31/08/2025 - 23:59;Aberta;01/08/2025 - 16:00;;;;
Glauce Rocha;IMPRO GRAND PRIX - PIT STOP;Teatro;Livre;01/08/2025 - 16:00;31/08/2025 - 23:59;Aberta;08/08/2025 - 16:00;;;;
Glauce Rocha;IMPRO GRAND PRIX - PIT STOP;Teatro;Livre;01/08/2025 - 16:00;31/08/2025 - 23:59;Aberta;15/08/2025 - 16:00;;;;
Glauce Rocha;IMPRO GRAND PRIX - PIT STOP;Teatro;Livre;01/08/2025 - 16:00;31/08/2025 - 23:59;Aberta;22/08/2025 - 16:00;;;;
Glauce Rocha;IMPRO GRAND PRIX - PIT STOP;Teatro;Livre;01/08/2025 - 16:00;31/08/2025 - 23:59;Aberta;29/08/2025 - 16:00;;;;
Glauce Rocha;DE SÃO GONÇALO PRO MUNDO;Teatro;Adulto;06/08/2025 - 19:00;06/08/2025 - 23:59;Fechada;06/08/2025 - 19:00;50;50;;
Glauce Rocha;INÓPIA HUMANÓIDE;Teatro;Adulto;06/08/2025 - 19:30;31/08/2025 - 23:59;Fechada;06/08/2025 - 19:30;60;8;60;
Glauce Rocha;INÓPIA HUMANÓIDE;Teatro;Adulto;06/08/2025 - 19:30;31/08/2025 - 23:59;Fechada;07/08/2025 - 19:30;60;3;30;
Glauce Rocha;INÓPIA HUMANÓIDE;Teatro;Adulto;06/08/2025 - 19:30;31/08/2025 - 23:59;Fechada;08/08/2025 - 19:30;60;12;380;
Glauce Rocha;INÓPIA HUMANÓIDE;Teatro;Adulto;06/08/2025 - 19:30;31/08/2025 - 23:59;Fechada;09/08/2025 - 19:30;60;8;240;
Glauce Rocha;INÓPIA HUMANÓIDE;Teatro;Adulto;06/08/2025 - 19:30;31/08/2025 - 23:59;Fechada;10/08/2025 - 19:30;60;;;
Glauce Rocha;INÓPIA HUMANÓIDE;Teatro;Adulto;06/08/2025 - 19:30;31/08/2025 - 23:59;Fechada;13/08/2025 - 19:30;60;4;125;
Glauce Rocha;INÓPIA HUMANÓIDE;Teatro;Adulto;06/08/2025 - 19:30;31/08/2025 - 23:59;Fechada;14/08/2025 - 19:30;60;2;;
Glauce Rocha;INÓPIA HUMANÓIDE;Teatro;Adulto;06/08/2025 - 19:30;31/08/2025 - 23:59;Fechada;15/08/2025 - 19:30;60;2;60;
Glauce Rocha;INÓPIA HUMANÓIDE;Teatro;Adulto;06/08/2025 - 19:30;31/08/2025 - 23:59;Fechada;16/08/2025 - 19:30;60;14;185;
Glauce Rocha;INÓPIA HUMANÓIDE;Teatro;Adulto;06/08/2025 - 19:30;31/08/2025 - 23:59;Fechada;17/08/2025 - 19:30;60;11;130;
Glauce Rocha;INÓPIA HUMANÓIDE;Teatro;Adulto;06/08/2025 - 19:30;31/08/2025 - 23:59;Fechada;20/08/2025 - 19:30;60;5;130;
Glauce Rocha;INÓPIA HUMANÓIDE;Teatro;Adulto;06/08/2025 - 19:30;31/08/2025 - 23:59;Fechada;21/08/2025 - 19:30;60;11;90;
Glauce Rocha;INÓPIA HUMANÓIDE;Teatro;Adulto;06/08/2025 - 19:30;31/08/2025 - 23:59;Fechada;22/08/2025 - 19:30;60;10;140;
Glauce Rocha;INÓPIA HUMANÓIDE;Teatro;Adulto;06/08/2025 - 19:30;31/08/2025 - 23:59;Fechada;23/08/2025 - 19:30;60;10;150;
Glauce Rocha;INÓPIA HUMANÓIDE;Teatro;Adulto;06/08/2025 - 19:30;31/08/2025 - 23:59;Fechada;24/08/2025 - 18:30;60;17;310;
Glauce Rocha;INÓPIA HUMANÓIDE;Teatro;Adulto;06/08/2025 - 19:30;31/08/2025 - 23:59;Fechada;27/08/2025 - 19:30;60;15;90;
Glauce Rocha;INÓPIA HUMANÓIDE;Teatro;Adulto;06/08/2025 - 19:30;31/08/2025 - 23:59;Fechada;28/08/2025 - 19:30;60;13;230;
Glauce Rocha;INÓPIA HUMANÓIDE;Teatro;Adulto;06/08/2025 - 19:30;31/08/2025 - 23:59;Fechada;29/08/2025 - 19:30;60;24;200;
Glauce Rocha;INÓPIA HUMANÓIDE;Teatro;Adulto;06/08/2025 - 19:30;31/08/2025 - 23:59;Fechada;30/08/2025 - 19:30;60;32;430;
Glauce Rocha;INÓPIA HUMANÓIDE;Teatro;Adulto;06/08/2025 - 19:30;31/08/2025 - 23:59;Fechada;31/08/2025 - 18:30;60;26;200;
Glauce Rocha;IMPROVISA COMIGO ESTA NOITE;Teatro;Adulto;13/08/2025 - 19:30;10/09/2025 - 23:59;Fechada;13/08/2025 - 19:30;40;16;280;
Glauce Rocha;IMPROVISA COMIGO ESTA NOITE;Teatro;Adulto;13/08/2025 - 19:30;10/09/2025 - 23:59;Fechada;20/08/2025 - 19:30;40;63;120;
Glauce Rocha;IMPROVISA COMIGO ESTA NOITE;Teatro;Adulto;13/08/2025 - 19:30;10/09/2025 - 23:59;Fechada;27/08/2025 - 19:30;40;59;220;
Glauce Rocha;IMPROVISA COMIGO ESTA NOITE;Teatro;Adulto;13/08/2025 - 19:30;10/09/2025 - 23:59;Fechada;03/09/2025 - 19:30;40;70;180;
Glauce Rocha;IMPROVISA COMIGO ESTA NOITE;Teatro;Adulto;13/08/2025 - 19:30;10/09/2025 - 23:59;Fechada;10/09/2025 - 19:30;40;43;240;
Complexo Cultural Funarte SP;Jamais Vai Derrubar;Teatro;Adulto;01/08/2025 - 10:00;24/08/2025 - 22:00;Fechada;01/08/2025 - 20:00;;40;;
Complexo Cultural Funarte SP;Jamais Vai Derrubar;Teatro;Adulto;01/08/2025 - 10:00;24/08/2025 - 22:00;Fechada;02/08/2025 - 20:00;;20;;
Complexo Cultural Funarte SP;Jamais Vai Derrubar;Teatro;Adulto;01/08/2025 - 10:00;24/08/2025 - 22:00;Fechada;03/08/2025 - 19:00;;14;;
Complexo Cultural Funarte SP;Jamais Vai Derrubar;Teatro;Adulto;01/08/2025 - 10:00;24/08/2025 - 22:00;Fechada;08/08/2025 - 20:00;;20;;
Complexo Cultural Funarte SP;Jamais Vai Derrubar;Teatro;Adulto;01/08/2025 - 10:00;24/08/2025 - 22:00;Fechada;09/08/2025 - 20:00;;7;;
Complexo Cultural Funarte SP;Jamais Vai Derrubar;Teatro;Adulto;01/08/2025 - 10:00;24/08/2025 - 22:00;Fechada;10/08/2025 - 19:00;;14;;
Complexo Cultural Funarte SP;Jamais Vai Derrubar;Teatro;Adulto;01/08/2025 - 10:00;24/08/2025 - 22:00;Fechada;22/08/2025 - 20:00;;39;;
Complexo Cultural Funarte SP;Jamais Vai Derrubar;Teatro;Adulto;01/08/2025 - 10:00;24/08/2025 - 22:00;Fechada;23/08/2025 - 20:00;;48;;
Complexo Cultural Funarte SP;Jamais Vai Derrubar;Teatro;Adulto;01/08/2025 - 10:00;24/08/2025 - 22:00;Fechada;24/08/2025 - 19:00;;65;;
Complexo Cultural Funarte SP;Jamais Vai Derrubar;Teatro;Adulto;01/08/2025 - 10:00;24/08/2025 - 22:00;Fechada;15/08/2025 - 20:00;;23;;
Complexo Cultural Funarte SP;Jamais Vai Derrubar;Teatro;Adulto;01/08/2025 - 10:00;24/08/2025 - 22:00;Fechada;16/08/2025 - 20:00;;11;;
Complexo Cultural Funarte SP;Jamais Vai Derrubar;Teatro;Adulto;01/08/2025 - 10:00;24/08/2025 - 22:00;Fechada;17/08/2025 - 18:00;;30;;
Glauce Rocha;OFICINA DE CIRCO TEATRO ´NÔMADE;Outras;Livre;07/08/2025 - 19:00;30/10/2025 - 23:59;Fechada;07/08/2025 - 19:00;;13;;
Glauce Rocha;OFICINA DE CIRCO TEATRO ´NÔMADE;Outras;Livre;07/08/2025 - 19:00;30/10/2025 - 23:59;Fechada;14/08/2025 - 19:00;;9;;
Glauce Rocha;OFICINA DE CIRCO TEATRO ´NÔMADE;Outras;Livre;07/08/2025 - 19:00;30/10/2025 - 23:59;Fechada;21/08/2025 - 19:00;;11;;
Glauce Rocha;OFICINA DE CIRCO TEATRO ´NÔMADE;Outras;Livre;07/08/2025 - 19:00;30/10/2025 - 23:59;Fechada;28/08/2025 - 19:00;;8;;
Glauce Rocha;OFICINA DE CIRCO TEATRO ´NÔMADE;Outras;Livre;07/08/2025 - 19:00;30/10/2025 - 23:59;Fechada;04/09/2025 - 19:00;;10;;
Glauce Rocha;OFICINA DE CIRCO TEATRO ´NÔMADE;Outras;Livre;07/08/2025 - 19:00;30/10/2025 - 23:59;Fechada;11/09/2025 - 19:00;;8;;
Glauce Rocha;OFICINA DE CIRCO TEATRO ´NÔMADE;Outras;Livre;07/08/2025 - 19:00;30/10/2025 - 23:59;Fechada;25/09/2025 - 19:00;;;;
Glauce Rocha;OFICINA DE CIRCO TEATRO ´NÔMADE;Outras;Livre;07/08/2025 - 19:00;30/10/2025 - 23:59;Fechada;02/10/2025 - 19:00;;;;
Glauce Rocha;OFICINA DE CIRCO TEATRO ´NÔMADE;Outras;Livre;07/08/2025 - 19:00;30/10/2025 - 23:59;Fechada;09/10/2025 - 19:00;;;;
Glauce Rocha;OFICINA DE CIRCO TEATRO ´NÔMADE;Outras;Livre;07/08/2025 - 19:00;30/10/2025 - 23:59;Fechada;16/10/2025 - 19:00;;;;
Glauce Rocha;OFICINA DE CIRCO TEATRO ´NÔMADE;Outras;Livre;07/08/2025 - 19:00;30/10/2025 - 23:59;Fechada;23/10/2025 - 19:00;;;;
Glauce Rocha;OFICINA DE CIRCO TEATRO ´NÔMADE;Outras;Livre;07/08/2025 - 19:00;30/10/2025 - 23:59;Fechada;30/10/2025 - 19:00;;;;
Complexo Cultural Funarte SP;Escolha Amar;Teatro;Livre;02/08/2025 - 10:00;03/08/2025 - 22:00;Fechada;02/08/2025 - 19:00;70;36;1995;
Complexo Cultural Funarte SP;Escolha Amar;Teatro;Livre;02/08/2025 - 10:00;03/08/2025 - 22:00;Fechada;03/08/2025 - 19:00;70;41;2275;
Complexo Cultural MG;Éramos Nós;Teatro;Adulto;01/08/2025 - 10:00;03/08/2025 - 20:00;Fechada;01/08/2025 - 19:00;20;50;620;
Complexo Cultural MG;Éramos Nós;Teatro;Adulto;01/08/2025 - 10:00;03/08/2025 - 20:00;Fechada;02/08/2025 - 19:00;20;44;510;
Complexo Cultural MG;Éramos Nós;Teatro;Adulto;01/08/2025 - 10:00;03/08/2025 - 20:00;Fechada;03/08/2025 - 19:00;20;50;470;
Complexo Cultural MG;O Medo que Nos Move;Teatro;Adulto;01/08/2025 - 19:30;02/08/2025 - 20:30;Fechada;02/08/2025 - 19:30;40;14;240;
Complexo Cultural Funarte SP;Uterina;Teatro;Adulto;08/08/2025 - 10:00;31/08/2025 - 22:00;Fechada;08/08/2025 - 19:00;40;23;40;
Complexo Cultural Funarte SP;Uterina;Teatro;Adulto;08/08/2025 - 10:00;31/08/2025 - 22:00;Fechada;09/08/2025 - 19:00;40;9;;
Complexo Cultural Funarte SP;Uterina;Teatro;Adulto;08/08/2025 - 10:00;31/08/2025 - 22:00;Fechada;10/08/2025 - 18:00;40;7;;
Complexo Cultural Funarte SP;Uterina;Teatro;Adulto;08/08/2025 - 10:00;31/08/2025 - 22:00;Fechada;15/08/2025 - 19:00;40;5;;
Complexo Cultural Funarte SP;Uterina;Teatro;Adulto;08/08/2025 - 10:00;31/08/2025 - 22:00;Fechada;16/08/2025 - 19:00;40;3;20;
Complexo Cultural Funarte SP;Uterina;Teatro;Adulto;08/08/2025 - 10:00;31/08/2025 - 22:00;Fechada;17/08/2025 - 18:00;40;5;;
Complexo Cultural Funarte SP;Uterina;Teatro;Adulto;08/08/2025 - 10:00;31/08/2025 - 22:00;Fechada;22/08/2025 - 19:00;40;6;100;
Complexo Cultural Funarte SP;Uterina;Teatro;Adulto;08/08/2025 - 10:00;31/08/2025 - 22:00;Fechada;23/08/2025 - 19:00;40;11;80;
Complexo Cultural Funarte SP;Uterina;Teatro;Adulto;08/08/2025 - 10:00;31/08/2025 - 22:00;Fechada;24/08/2025 - 18:00;40;9;40;
Complexo Cultural Funarte SP;Uterina;Teatro;Adulto;08/08/2025 - 10:00;31/08/2025 - 22:00;Fechada;29/08/2025 - 19:00;40;26;180;
Complexo Cultural Funarte SP;Uterina;Teatro;Adulto;08/08/2025 - 10:00;31/08/2025 - 22:00;Fechada;30/08/2025 - 19:00;40;6;80;
Complexo Cultural Funarte SP;Uterina;Teatro;Adulto;08/08/2025 - 10:00;31/08/2025 - 22:00;Fechada;31/08/2025 - 18:00;40;9;20;
Complexo Cultural Funarte SP;Feira das MPBB's - Mulheres Pretas Brilhantes;Outras;Livre;09/08/2025 - 10:00;09/08/2025 - 22:00;Aberta;09/08/2025 - 13:00;;120;;
Teatro de Arena Eugênio Kusnet;Memórias do Subsolo;Teatro;Adulto;04/08/2025 - 14:00;26/08/2025 - 18:00;Aberta;04/08/2025 - 14:00;;5;;
Complexo Cultural MG;Banho de Chuva;Teatro;Livre;08/08/2025 - 19:30;13/08/2025 - 19:30;Fechada;06/08/2025 - 19:30;30;39;210;
Complexo Cultural MG;Banho de Chuva;Teatro;Livre;08/08/2025 - 19:30;13/08/2025 - 19:30;Fechada;07/08/2025 - 19:30;30;27;150;
Complexo Cultural MG;Banho de Chuva;Teatro;Livre;08/08/2025 - 19:30;13/08/2025 - 19:30;Fechada;08/08/2025 - 19:30;30;34;330;
Complexo Cultural MG;Banho de Chuva;Teatro;Livre;08/08/2025 - 19:30;13/08/2025 - 19:30;Fechada;09/08/2025 - 19:30;30;37;180;
Complexo Cultural MG;Banho de Chuva;Teatro;Livre;08/08/2025 - 19:30;13/08/2025 - 19:30;Fechada;10/08/2025 - 19:30;30;24;135;
Complexo Cultural MG;Banho de Chuva;Teatro;Livre;08/08/2025 - 19:30;13/08/2025 - 19:30;Fechada;11/08/2025 - 19:30;30;15;130;
Complexo Cultural MG;Banho de Chuva;Teatro;Livre;08/08/2025 - 19:30;13/08/2025 - 19:30;Fechada;12/08/2025 - 19:30;30;31;90;
Complexo Cultural MG;Banho de Chuva;Teatro;Livre;08/08/2025 - 19:30;13/08/2025 - 19:30;Fechada;13/08/2025 - 19:30;30;38;140;
Complexo Cultural Funarte SP;Exposição - Banzo: Notas Sobre a Saudade;Artes Integradas;Livre;06/08/2025 - 10:00;10/08/2025 - 22:00;Aberta;06/08/2025 - 14:00;;151;;
Complexo Cultural MG;O Sonho de Um Homem Ridículo;Teatro;Adulto;07/08/2025 - 10:00;13/08/2025 - 22:00;Fechada;07/08/2025 - 20:30;50;70;2200;
Complexo Cultural MG;O Sonho de Um Homem Ridículo;Teatro;Adulto;07/08/2025 - 10:00;13/08/2025 - 22:00;Fechada;08/08/2025 - 20:30;50;52;1625;
Complexo Cultural MG;O Sonho de Um Homem Ridículo;Teatro;Adulto;07/08/2025 - 10:00;13/08/2025 - 22:00;Fechada;09/08/2025 - 20:30;50;71;2425;
Complexo Cultural MG;O Sonho de Um Homem Ridículo;Teatro;Adulto;07/08/2025 - 10:00;13/08/2025 - 22:00;Fechada;11/08/2025 - 20:30;50;37;1000;
Complexo Cultural MG;O Sonho de Um Homem Ridículo;Teatro;Adulto;07/08/2025 - 10:00;13/08/2025 - 22:00;Fechada;12/08/2025 - 20:30;50;37;1125;
Complexo Cultural MG;O Sonho de Um Homem Ridículo;Teatro;Adulto;07/08/2025 - 10:00;13/08/2025 - 22:00;Fechada;13/08/2025 - 20:30;50;31;850;
Complexo Cultural MG;O Sonho de Um Homem Ridículo;Teatro;Adulto;07/08/2025 - 10:00;13/08/2025 - 22:00;Fechada;10/08/2025 - 18:00;50;33;725;
Complexo Cultural Funarte SP;Espião Silenciado, Um Ensaio;Teatro;Adulto;09/08/2025 - 10:00;31/08/2025 - 22:00;Fechada;09/08/2025 - 18:00;20;10;130;
Complexo Cultural Funarte SP;Espião Silenciado, Um Ensaio;Teatro;Adulto;09/08/2025 - 10:00;31/08/2025 - 22:00;Fechada;10/08/2025 - 18:00;20;5;60;
Complexo Cultural Funarte SP;Espião Silenciado, Um Ensaio;Teatro;Adulto;09/08/2025 - 10:00;31/08/2025 - 22:00;Fechada;16/08/2025 - 18:00;20;14;120;
Complexo Cultural Funarte SP;Espião Silenciado, Um Ensaio;Teatro;Adulto;09/08/2025 - 10:00;31/08/2025 - 22:00;Fechada;17/08/2025 - 18:00;20;6;10;
Complexo Cultural Funarte SP;Espião Silenciado, Um Ensaio;Teatro;Adulto;09/08/2025 - 10:00;31/08/2025 - 22:00;Fechada;23/08/2025 - 18:00;20;8;40;
Complexo Cultural Funarte SP;Espião Silenciado, Um Ensaio;Teatro;Adulto;09/08/2025 - 10:00;31/08/2025 - 22:00;Fechada;24/08/2025 - 18:00;20;11;90;
Complexo Cultural Funarte SP;Espião Silenciado, Um Ensaio;Teatro;Adulto;09/08/2025 - 10:00;31/08/2025 - 22:00;Fechada;30/08/2025 - 18:00;20;21;150;
Complexo Cultural Funarte SP;Espião Silenciado, Um Ensaio;Teatro;Adulto;09/08/2025 - 10:00;31/08/2025 - 22:00;Fechada;31/08/2025 - 18:00;20;33;220;
Complexo Cultural MG;Tigre - Banana;Teatro;Livre;06/08/2025 - 19:30;09/08/2025 - 20:30;Fechada;08/08/2025 - 19:30;;20;;
Complexo Cultural MG;Tigre - Banana;Teatro;Livre;06/08/2025 - 19:30;09/08/2025 - 20:30;Fechada;09/08/2025 - 19:30;;23;;
Complexo Cultural Funarte SP;Memórias do Subsolo;Teatro;Adulto;07/08/2025 - 10:00;29/08/2025 - 22:00;Aberta;07/08/2025 - 14:00;;5;;
Complexo Cultural Funarte SP;Ensaio - Pregação;Teatro;Adulto;04/08/2025 - 10:00;27/08/2025 - 22:00;Aberta;04/08/2025 - 18:00;;4;;
Cacilda Becker;O cheiro da Lycra;Dança;Adulto;13/08/2025 - 12:52;13/08/2025 - 21:10;Fechada;13/08/2025 - 19:00;;70;;
Complexo Cultural Funarte SP;Projeto Crioulos - Ensaios;Teatro;Adulto;01/08/2025 - 10:00;29/09/2025 - 22:00;Aberta;01/08/2025 - 14:00;;15;;
Cacilda Becker;Isso nao é uma Coreografia;Dança;Livre;14/08/2025 - 09:10;14/08/2025 - 22:00;Fechada;14/08/2025 - 19:00;;68;;
Cacilda Becker;Corpos de Enfrentamento e Jogos e Improvisacoes em Danca;Dança;Livre;13/08/2025 - 09:00;13/08/2025 - 22:00;Fechada;13/08/2025 - 09:00;;12;;
Cacilda Becker;Oficina Prosas Ordinarias e o Grupo Prosa;Dança;Adulto;12/08/2025 - 10:00;12/08/2025 - 14:00;Fechada;12/08/2025 - 10:00;;;;
Cacilda Becker;Oficina Prosas Ordinarias e o Grupo Prosa;Dança;Adulto;15/08/2025 - 10:00;15/08/2025 - 14:00;Fechada;15/08/2025 - 10:00;20;11;220;
Complexo Cultural MG;CHII + QI + Pequenas Sessões;Música;Livre;13/08/2025 - 19:30;13/08/2025 - 21:00;Fechada;13/08/2025 - 19:30;30;41;750;
Complexo Cultural Funarte SP;O Pracinha;Teatro;Adulto;03/08/2025 - 10:00;24/08/2025 - 22:00;Aberta;03/08/2025 - 14:00;;15;;
Complexo Cultural Funarte SP;Ensaios Cia Nrty - Danças Indianas;Dança;Adulto;05/08/2025 - 10:00;30/09/2025 - 22:00;Aberta;05/08/2025 - 14:00;;6;;
Complexo Cultural Funarte SP;Titânio C. 2/22;Teatro;Adulto;07/08/2025 - 10:00;05/10/2025 - 22:00;Aberta;10/08/2025 - 18:00;;1;;
Complexo Cultural Funarte SP;Ensaio - Couraça;Dança;Adulto;04/08/2025 - 10:00;16/09/2025 - 22:00;Aberta;04/08/2025 - 14:00;;3;;
Glauce Rocha;WORKSHOP- A  ARTE DE SE REINVENTAR;Teatro;Livre;14/08/2025 - 14:00;14/08/2025 - 17:00;Fechada;14/08/2025 - 14:00;;13;;
Complexo Cultural MG;23º Festival Mundial de Circo;Circo;Livre;16/08/2025 - 08:00;17/08/2025 - 22:00;Aberta;16/08/2025 - 12:00;;1826;;
Complexo Cultural MG;23º Festival Mundial de Circo;Circo;Livre;16/08/2025 - 08:00;17/08/2025 - 22:00;Aberta;17/08/2025 - 09:00;;1240;;
Complexo Cultural MG;Exposição Paisagens Mineradas Marcas do Corpo Território;Outras;Adulto;05/07/2025 - 15:00;08/08/2025 - 21:00;Aberta;05/07/2025 - 15:00;;681;;
Complexo Cultural Funarte SP;Exposição  Cabeças;Artes Integradas;Livre;16/08/2025 - 14:00;31/08/2025 - 19:00;Fechada;16/08/2025 - 14:00;;;;
Complexo Cultural Funarte SP;Exposição  Cabeças;Artes Integradas;Livre;16/08/2025 - 14:00;31/08/2025 - 19:00;Aberta;16/08/2025 - 14:00;;;;
Complexo Cultural Funarte SP;Projeto AMSP 2025;Outras;Livre;20/08/2025 - 10:00;22/10/2025 - 22:00;Fechada;10/09/2025 - 19:30;;;;
Complexo Cultural Funarte SP;Projeto AMSP 2025;Outras;Livre;20/08/2025 - 10:00;22/10/2025 - 22:00;Fechada;22/10/2025 - 14:30;;;;
Complexo Cultural Funarte SP;O Ator Criador Interdisciplinar - Palestra com Carole Nadeau;Teatro;Adulto;10/08/2025 - 16:00;10/08/2025 - 17:00;Fechada;10/08/2025 - 16:00;;4;;
Complexo Cultural Funarte SP;A Invisibilidade do Luto Gestacio - Projeto Uterinanal Neonatal e Perinatal - Roda de Coversa com Lígia Aquino;Teatro;Adulto;23/08/2025 - 17:00;23/08/2025 - 18:00;Fechada;23/08/2025 - 17:00;;9;;
Teatro de Arena Eugênio Kusnet;Rio João;Teatro;Adulto;21/08/2025 - 10:00;31/08/2025 - 22:00;Fechada;21/08/2025 - 20:00;;14;;
Teatro de Arena Eugênio Kusnet;Rio João;Teatro;Adulto;21/08/2025 - 10:00;31/08/2025 - 22:00;Fechada;22/08/2025 - 20:00;;19;;
Teatro de Arena Eugênio Kusnet;Rio João;Teatro;Adulto;21/08/2025 - 10:00;31/08/2025 - 22:00;Fechada;23/08/2025 - 20:00;;23;;
Teatro de Arena Eugênio Kusnet;Rio João;Teatro;Adulto;21/08/2025 - 10:00;31/08/2025 - 22:00;Fechada;24/08/2025 - 18:00;;26;;
Teatro de Arena Eugênio Kusnet;Rio João;Teatro;Adulto;21/08/2025 - 10:00;31/08/2025 - 22:00;Fechada;28/08/2025 - 20:00;;28;;
Teatro de Arena Eugênio Kusnet;Rio João;Teatro;Adulto;21/08/2025 - 10:00;31/08/2025 - 22:00;Fechada;29/08/2025 - 20:00;;74;;
Teatro de Arena Eugênio Kusnet;Rio João;Teatro;Adulto;21/08/2025 - 10:00;31/08/2025 - 22:00;Fechada;30/08/2025 - 20:00;;57;;
Teatro de Arena Eugênio Kusnet;Rio João;Teatro;Adulto;21/08/2025 - 10:00;31/08/2025 - 22:00;Fechada;31/08/2025 - 18:00;;91;;
Complexo Cultural Funarte SP;Capuêra Angola Aruandi;Outras;Livre;04/08/2025 - 10:00;31/10/2025 - 22:00;Fechada;04/08/2025 - 22:00;80;6;400;
Complexo Cultural Funarte SP;Capuêra Angola Aruandi;Outras;Livre;04/08/2025 - 10:00;31/10/2025 - 22:00;Aberta;31/10/2025 - 20:00;80;;;
Complexo Cultural Funarte SP;Pronome Feminino;Dança;Adulto;02/08/2025 - 10:00;30/08/2025 - 22:00;Aberta;02/08/2025 - 18:00;;4;;
Cacilda Becker;Cia ka de Teatro - Projeto Doce;Dança;Livre;20/08/2025 - 09:11;31/08/2025 - 21:11;Fechada;20/08/2025 - 19:00;50;10;;
Cacilda Becker;Cia ka de Teatro - Projeto Doce;Dança;Livre;20/08/2025 - 09:11;31/08/2025 - 21:11;Fechada;21/08/2025 - 19:00;50;;;
Cacilda Becker;Cia ka de Teatro - Projeto Doce;Dança;Livre;20/08/2025 - 09:11;31/08/2025 - 21:11;Fechada;22/08/2025 - 19:00;50;3;30;
Cacilda Becker;Cia ka de Teatro - Projeto Doce;Dança;Livre;20/08/2025 - 09:11;31/08/2025 - 21:11;Fechada;23/08/2025 - 19:00;50;4;40;
Cacilda Becker;Cia ka de Teatro - Projeto Doce;Dança;Livre;20/08/2025 - 09:11;31/08/2025 - 21:11;Fechada;24/08/2025 - 19:00;50;7;60;
Cacilda Becker;Cia ka de Teatro - Projeto Doce;Dança;Livre;20/08/2025 - 09:11;31/08/2025 - 21:11;Fechada;27/08/2025 - 19:00;50;3;50;
Cacilda Becker;Cia ka de Teatro - Projeto Doce;Dança;Livre;20/08/2025 - 09:11;31/08/2025 - 21:11;Fechada;28/08/2025 - 19:00;50;2;75;
Cacilda Becker;Cia ka de Teatro - Projeto Doce;Dança;Livre;20/08/2025 - 09:11;31/08/2025 - 21:11;Fechada;29/08/2025 - 19:00;50;19;340;
Cacilda Becker;Cia ka de Teatro - Projeto Doce;Dança;Livre;20/08/2025 - 09:11;31/08/2025 - 21:11;Fechada;30/08/2025 - 19:00;50;8;235;
Cacilda Becker;Cia ka de Teatro - Projeto Doce;Dança;Livre;20/08/2025 - 09:11;31/08/2025 - 21:11;Fechada;31/08/2025 - 18:00;50;5;70;
Cacilda Becker;Oficina de Criacao de Iluminacao para Teatro Teorico e Pratico;Dança;Adulto;20/08/2025 - 09:02;20/08/2025 - 21:06;Fechada;20/08/2025 - 10:00;;5;;
Cacilda Becker;Oficina Imersao em Dança - Teatro;Dança;Adulto;29/08/2025 - 09:00;31/08/2025 - 21:00;Fechada;29/08/2025 - 09:00;;2;;
Cacilda Becker;Oficina Imersao em Dança - Teatro;Dança;Adulto;29/08/2025 - 09:00;31/08/2025 - 21:00;Fechada;30/08/2025 - 14:00;;3;;
Cacilda Becker;Oficina Imersao em Dança - Teatro;Dança;Adulto;29/08/2025 - 09:00;31/08/2025 - 21:00;Fechada;31/08/2025 - 14:00;;3;;
Complexo Cultural MG;NUH! Festival de Arte Gráfica - 4ª Edição;Artes Integradas;Livre;06/09/2025 - 11:00;07/09/2025 - 20:00;Aberta;07/09/2025 - 11:00;;1942;;
Complexo Cultural MG;NUH! Festival de Arte Gráfica - 4ª Edição;Artes Integradas;Livre;06/09/2025 - 11:00;07/09/2025 - 20:00;Aberta;06/09/2025 - 11:00;;1910;;
Complexo Cultural MG;Zona de Sacrifício;Teatro;Adulto;22/08/2025 - 20:00;24/08/2025 - 21:00;Fechada;23/08/2025 - 20:00;40;59;1460;
Complexo Cultural MG;Zona de Sacrifício;Teatro;Adulto;22/08/2025 - 20:00;24/08/2025 - 21:00;Fechada;24/08/2025 - 19:00;40;48;1260;
Complexo Cultural Funarte SP;No Íntimo da Construção;Outras;Livre;23/08/2025 - 10:00;23/08/2025 - 18:00;Aberta;23/08/2025 - 10:00;;230;;
Complexo Cultural MG;O Grande Vale dos Dinossauros;Teatro;Livre;30/08/2025 - 09:00;31/08/2025 - 22:00;Fechada;31/08/2025 - 16:00;60;34;950;
Complexo Cultural MG;Picamalácia;Teatro;Livre;26/08/2025 - 09:00;28/08/2025 - 22:00;Fechada;26/08/2025 - 20:00;20;8;100;
Complexo Cultural MG;Picamalácia;Teatro;Livre;26/08/2025 - 09:00;28/08/2025 - 22:00;Fechada;27/08/2025 - 20:00;20;2;40;
Complexo Cultural Funarte SP;Bloco Feminista;Dança;Adulto;17/08/2025 - 10:00;17/08/2025 - 22:00;Aberta;17/08/2025 - 15:00;;30;;
Complexo Cultural Funarte SP;Não Sou Sua Diva;Teatro;Adulto;04/08/2025 - 10:00;29/09/2025 - 22:00;Aberta;04/08/2025 - 10:00;;6;;
Complexo Cultural Funarte SP;Hamlet:Sua História Será Comida...;Teatro;Adulto;05/08/2025 - 10:00;26/08/2025 - 22:00;Aberta;05/08/2025 - 18:30;;6;;
Complexo Cultural Funarte SP;Escombros - Parte II: Nossa Conquista;Teatro;Adulto;06/08/2025 - 10:00;19/10/2025 - 21:30;Aberta;06/08/2025 - 18:00;;10;;
Complexo Cultural Funarte SP;Dragão Vermelho;Teatro;Livre;04/08/2025 - 10:00;05/08/2025 - 22:00;Aberta;04/08/2025 - 10:00;;8;;
Complexo Cultural MG;Ensaio para o Fim;Teatro;Adulto;29/08/2025 - 18:00;31/08/2025 - 22:00;Fechada;29/08/2025 - 19:00;;43;;
Complexo Cultural MG;Ensaio para o Fim;Teatro;Adulto;29/08/2025 - 18:00;31/08/2025 - 22:00;Fechada;30/08/2025 - 19:00;;36;;
Complexo Cultural MG;Ensaio para o Fim;Teatro;Adulto;29/08/2025 - 18:00;31/08/2025 - 22:00;Fechada;31/08/2025 - 19:00;;41;;
Teatro de Arena Eugênio Kusnet;Mudernage - A Vingança de Corruba;Teatro;Livre;27/08/2025 - 10:00;27/08/2025 - 22:00;Fechada;27/08/2025 - 20:00;40;74;600;
Complexo Cultural Funarte SP;Masterclass Pitta - Makeup;Teatro;Adulto;17/08/2025 - 10:00;17/08/2025 - 22:00;Fechada;17/08/2025 - 11:00;100;6;;
Complexo Cultural MG;Analógicas - Uma autoficção sobre a passagem do tempo;Teatro;Adulto;28/08/2025 - 20:00;31/08/2025 - 22:00;Fechada;29/08/2025 - 20:00;50;55;1350;
Complexo Cultural MG;Analógicas - Uma autoficção sobre a passagem do tempo;Teatro;Adulto;28/08/2025 - 20:00;31/08/2025 - 22:00;Fechada;30/08/2025 - 20:00;50;47;1400;
Complexo Cultural MG;Analógicas - Uma autoficção sobre a passagem do tempo;Teatro;Adulto;28/08/2025 - 20:00;31/08/2025 - 22:00;Fechada;31/08/2025 - 20:00;50;45;925;
Complexo Cultural MG;Analógicas - Uma autoficção sobre a passagem do tempo;Teatro;Adulto;28/08/2025 - 20:00;31/08/2025 - 22:00;Fechada;28/08/2025 - 20:00;50;37;925;
Complexo Cultural Funarte SP;Ipê Palavra Tupi;Teatro;Livre;28/08/2025 - 10:00;29/08/2025 - 22:00;Fechada;28/08/2025 - 20:00;40;12;40;
Complexo Cultural Funarte SP;Ipê Palavra Tupi;Teatro;Livre;28/08/2025 - 10:00;29/08/2025 - 22:00;Fechada;29/08/2025 - 20:00;40;4;;
Complexo Cultural Funarte SP;Numa Noite Brasileira;Teatro;Livre;30/08/2025 - 10:00;31/08/2025 - 22:00;Fechada;30/08/2025 - 20:00;40;16;160;
Complexo Cultural Funarte SP;Numa Noite Brasileira;Teatro;Livre;30/08/2025 - 10:00;31/08/2025 - 22:00;Fechada;31/08/2025 - 19:00;40;9;80;
Complexo Cultural Funarte SP;Sarau Pela Palestina;Outras;Livre;30/08/2025 - 10:00;30/08/2025 - 22:00;Fechada;30/08/2025 - 13:00;5;66;270;
Cacilda Becker;A historia do Jardim Zoologico;Dança;Adulto;03/09/2025 - 09:00;25/09/2025 - 21:00;Fechada;03/09/2025 - 19:00;40;60;;
Cacilda Becker;A historia do Jardim Zoologico;Dança;Adulto;03/09/2025 - 09:00;25/09/2025 - 21:00;Fechada;04/09/2025 - 19:00;40;48;100;
Cacilda Becker;A historia do Jardim Zoologico;Dança;Adulto;03/09/2025 - 09:00;25/09/2025 - 21:00;Fechada;10/09/2025 - 19:00;40;28;160;
Cacilda Becker;A historia do Jardim Zoologico;Dança;Adulto;03/09/2025 - 09:00;25/09/2025 - 21:00;Fechada;11/09/2025 - 19:00;40;34;40;
Cacilda Becker;A historia do Jardim Zoologico;Dança;Adulto;03/09/2025 - 09:00;25/09/2025 - 21:00;Fechada;17/09/2025 - 19:00;40;37;220;
Cacilda Becker;A historia do Jardim Zoologico;Dança;Adulto;03/09/2025 - 09:00;25/09/2025 - 21:00;Fechada;18/09/2025 - 19:00;40;;;
Cacilda Becker;A historia do Jardim Zoologico;Dança;Adulto;03/09/2025 - 09:00;25/09/2025 - 21:00;Fechada;24/09/2025 - 19:00;40;;;
Cacilda Becker;A historia do Jardim Zoologico;Dança;Adulto;03/09/2025 - 09:00;25/09/2025 - 21:00;Fechada;25/09/2025 - 19:00;40;;;
Cacilda Becker;Se Meu Corpo Fosse;Dança;Livre;05/09/2025 - 09:00;06/09/2025 - 21:00;Fechada;05/09/2025 - 19:00;20;11;60;
Cacilda Becker;Se Meu Corpo Fosse;Dança;Livre;05/09/2025 - 09:00;06/09/2025 - 21:00;Fechada;06/09/2025 - 19:00;20;25;140;
Cacilda Becker;PICAMALACIA;Teatro;Livre;12/09/2025 - 09:00;14/09/2025 - 21:00;Fechada;12/09/2025 - 19:30;25;;;
Cacilda Becker;PICAMALACIA;Teatro;Livre;12/09/2025 - 09:00;14/09/2025 - 21:00;Fechada;13/09/2025 - 19:30;25;;;
Cacilda Becker;PICAMALACIA;Teatro;Livre;12/09/2025 - 09:00;14/09/2025 - 21:00;Fechada;14/09/2025 - 19:30;25;;;
Complexo Cultural Funarte SP;Eu, a Tal da Bixa Preta;Dança;Adulto;11/08/2025 - 10:00;29/09/2025 - 22:00;Aberta;11/08/2025 - 18:00;;10;;
Complexo Cultural Funarte SP;Me & Mr Jones;Música;Adulto;07/08/2025 - 10:00;11/09/2025 - 22:00;Aberta;07/08/2025 - 10:00;;3;;
Complexo Cultural Funarte SP;O Mar Não Me Obedece;Teatro;Adulto;05/08/2025 - 10:00;30/09/2025 - 22:00;Aberta;05/08/2025 - 10:00;;3;;
Complexo Cultural Funarte SP;Sugar Baby do Brasil;Teatro;Adulto;05/08/2025 - 10:00;26/08/2025 - 13:30;Aberta;05/08/2025 - 10:00;;2;;
Complexo Cultural Funarte SP;Barrela;Teatro;Adulto;02/08/2025 - 10:00;25/10/2025 - 22:00;Aberta;02/08/2025 - 10:00;;10;;
Complexo Cultural Funarte SP;Barrela;Teatro;Adulto;30/08/2025 - 19:00;30/08/2025 - 21:30;Fechada;30/08/2025 - 19:00;;30;;
Glauce Rocha;IMPRO GRAND PRIX - ENCERRAMENTO;Teatro;Adulto;31/08/2025 - 18:00;31/08/2025 - 23:59;Fechada;31/08/2025 - 18:00;;26;;
Complexo Cultural Funarte SP;Oficina O Século de Stanislavski;Teatro;Adulto;01/08/2025 - 10:00;22/09/2025 - 22:00;Aberta;01/08/2025 - 18:00;;;;
Complexo Cultural Funarte SP;Encontros do Projeto Nutar;Teatro;Adulto;07/08/2025 - 10:00;23/10/2025 - 22:00;Aberta;07/08/2025 - 14:00;;3;;
Complexo Cultural Funarte SP;Anêmora - Pesquisa e Criação;Dança;Adulto;05/09/2025 - 10:00;30/09/2025 - 22:00;Aberta;05/09/2025 - 18:00;;2;;
Complexo Cultural Funarte SP;Sobretudo 'A Solidão Diante da História do Mundo';Circo;Adulto;06/08/2025 - 10:00;27/08/2025 - 22:00;Aberta;06/08/2025 - 14:00;;1;;
Complexo Cultural Funarte SP;16 Mulheres e 1/2 - Grupo de Estudos;Dança;Adulto;07/08/2025 - 10:00;24/09/2025 - 22:00;Aberta;07/08/2025 - 10:00;;24;;
Complexo Cultural Funarte SP;Melodia de um Idioleto;Dança;Adulto;20/08/2025 - 10:00;20/10/2025 - 22:00;Aberta;20/08/2025 - 10:00;;5;;
Complexo Cultural Funarte SP;Prot{agô}nistas 2 - Roda de Circo;Circo;Livre;05/08/2025 - 10:00;30/09/2025 - 22:00;Aberta;05/08/2025 - 18:00;;6;;
Complexo Cultural Funarte SP;Fitas K7 e Outras Coisas Que Não Levam a Nada;Teatro;Adulto;07/08/2025 - 10:00;30/10/2025 - 22:00;Aberta;07/08/2025 - 18:00;;7;;
Complexo Cultural Funarte SP;Testamento;Teatro;Adulto;02/08/2025 - 10:00;27/09/2025 - 22:00;Aberta;02/08/2025 - 14:00;;6;;
Complexo Cultural Funarte SP;S.O.S. Outros Jeitos;Teatro;Livre;01/08/2025 - 10:00;29/08/2025 - 22:00;Aberta;01/08/2025 - 10:00;;10;;
Complexo Cultural Funarte SP;Batalha da Kaudrilha;Teatro;Adulto;03/08/2025 - 10:00;14/08/2025 - 22:00;Aberta;03/08/2025 - 18:00;;18;;
Complexo Cultural Funarte SP;Gomorra - Crime, Revolta e Dor;Teatro;Adulto;01/08/2025 - 10:00;30/08/2025 - 22:00;Aberta;01/08/2025 - 18:00;;6;;
Complexo Cultural Funarte SP;O Fantasma do Fundo do Lago;Artes Integradas;Adulto;25/08/2025 - 10:00;27/10/2025 - 22:00;Aberta;25/08/2025 - 14:00;;8;;
Complexo Cultural Funarte SP;"Núcleo Experimental de Butô ensaia ""Feiticeiro""";Dança;Adulto;26/08/2025 - 10:00;30/09/2025 - 22:00;Aberta;26/08/2025 - 18:30;;3;;
Complexo Cultural Funarte SP;Criaturas Invisíveis;Teatro;Livre;07/08/2025 - 10:00;25/09/2025 - 22:00;Aberta;07/08/2025 - 18:00;;6;;
Complexo Cultural Funarte SP;Pequeno Retábulo de Samuel Beckett;Teatro;Livre;06/08/2025 - 10:00;17/09/2025 - 22:00;Aberta;06/08/2025 - 10:00;;3;;
Complexo Cultural Funarte SP;A Arca de Noé;Teatro;Livre;28/08/2025 - 10:00;30/08/2025 - 22:00;Aberta;28/08/2025 - 10:00;;7;;
Cacilda Becker;OFICINA Mover o Chao;Dança;Adulto;06/09/2025 - 16:00;06/09/2025 - 18:00;Fechada;06/09/2025 - 16:00;;2;;
Complexo Cultural Funarte SP;Prisma;Teatro;Infantil;04/08/2025 - 10:00;07/08/2025 - 22:00;Aberta;04/08/2025 - 10:00;;6;;
Complexo Cultural Funarte SP;Kalunga Mar;Circo;Livre;11/08/2025 - 10:00;13/10/2025 - 22:00;Aberta;11/08/2025 - 14:00;;7;;
Cacilda Becker;Oficina de dança com a Pulsar cia. de Danca e Teatro com a Angelica Gomes;Dança;Livre;01/09/2025 - 09:00;15/12/2025 - 21:00;Fechada;01/09/2025 - 14:00;;50;;
Cacilda Becker;Oficina de dança com a Pulsar cia. de Danca e Teatro com a Angelica Gomes;Dança;Livre;01/09/2025 - 09:00;15/12/2025 - 21:00;Fechada;15/09/2025 - 15:30;;50;;
Cacilda Becker;Oficina de dança com a Pulsar cia. de Danca e Teatro com a Angelica Gomes;Dança;Livre;01/09/2025 - 09:00;15/12/2025 - 21:00;Fechada;15/09/2025 - 15:30;;50;;
Cacilda Becker;Oficina de dança com a Pulsar cia. de Danca e Teatro com a Angelica Gomes;Dança;Livre;01/09/2025 - 09:00;15/12/2025 - 21:00;Fechada;22/09/2025 - 15:30;;;;
Cacilda Becker;Oficina de dança com a Pulsar cia. de Danca e Teatro com a Angelica Gomes;Dança;Livre;01/09/2025 - 09:00;15/12/2025 - 21:00;Fechada;29/09/2025 - 15:30;;;;
Cacilda Becker;Oficina de dança com a Pulsar cia. de Danca e Teatro com a Angelica Gomes;Dança;Livre;01/09/2025 - 09:00;15/12/2025 - 21:00;Fechada;15/09/2025 - 15:30;;51;;
Teatro de Arena Eugênio Kusnet;Ensaio Para Dois Perdidos;Teatro;Adulto;05/09/2025 - 10:00;07/09/2025 - 22:00;Fechada;05/09/2025 - 19:00;;20;;
Teatro de Arena Eugênio Kusnet;Ensaio Para Dois Perdidos;Teatro;Adulto;05/09/2025 - 10:00;07/09/2025 - 22:00;Fechada;06/09/2025 - 19:00;;22;;
Teatro de Arena Eugênio Kusnet;Ensaio Para Dois Perdidos;Teatro;Adulto;05/09/2025 - 10:00;07/09/2025 - 22:00;Fechada;07/09/2025 - 18:00;;29;;
Complexo Cultural Funarte SP;Não Beba a àgua do Poço;Teatro;Adulto;05/09/2025 - 10:00;27/09/2025 - 22:00;Fechada;05/09/2025 - 20:00;30;57;1365;
Complexo Cultural Funarte SP;Não Beba a àgua do Poço;Teatro;Adulto;05/09/2025 - 10:00;27/09/2025 - 22:00;Fechada;06/09/2025 - 20:00;30;40;795;
Complexo Cultural Funarte SP;Não Beba a àgua do Poço;Teatro;Adulto;05/09/2025 - 10:00;27/09/2025 - 22:00;Fechada;12/09/2025 - 20:00;30;27;435;
Complexo Cultural Funarte SP;Não Beba a àgua do Poço;Teatro;Adulto;05/09/2025 - 10:00;27/09/2025 - 22:00;Fechada;13/09/2025 - 20:00;30;53;1095;
Complexo Cultural Funarte SP;Não Beba a àgua do Poço;Teatro;Adulto;05/09/2025 - 10:00;27/09/2025 - 22:00;Fechada;19/09/2025 - 20:00;30;;;
Complexo Cultural Funarte SP;Não Beba a àgua do Poço;Teatro;Adulto;05/09/2025 - 10:00;27/09/2025 - 22:00;Fechada;20/09/2025 - 20:00;30;;;
Complexo Cultural Funarte SP;Não Beba a àgua do Poço;Teatro;Adulto;05/09/2025 - 10:00;27/09/2025 - 22:00;Fechada;26/09/2025 - 20:00;30;;;
Complexo Cultural Funarte SP;Não Beba a àgua do Poço;Teatro;Adulto;05/09/2025 - 10:00;27/09/2025 - 22:00;Fechada;27/09/2025 - 20:00;30;;;
Glauce Rocha;OS MENDIGOS E O PATO DO IMPERADOR;Teatro;Adulto;05/09/2025 - 19:30;28/09/2025 - 23:59;Fechada;05/09/2025 - 19:30;50;19;500;
Glauce Rocha;OS MENDIGOS E O PATO DO IMPERADOR;Teatro;Adulto;05/09/2025 - 19:30;28/09/2025 - 23:59;Fechada;06/09/2025 - 19:30;50;41;1125;
Glauce Rocha;OS MENDIGOS E O PATO DO IMPERADOR;Teatro;Adulto;05/09/2025 - 19:30;28/09/2025 - 23:59;Fechada;07/09/2025 - 18:30;50;31;850;
Glauce Rocha;OS MENDIGOS E O PATO DO IMPERADOR;Teatro;Adulto;05/09/2025 - 19:30;28/09/2025 - 23:59;Fechada;12/09/2025 - 19:30;50;33;625;
Glauce Rocha;OS MENDIGOS E O PATO DO IMPERADOR;Teatro;Adulto;05/09/2025 - 19:30;28/09/2025 - 23:59;Fechada;13/09/2025 - 19:30;50;14;225;
Glauce Rocha;OS MENDIGOS E O PATO DO IMPERADOR;Teatro;Adulto;05/09/2025 - 19:30;28/09/2025 - 23:59;Fechada;14/09/2025 - 18:30;50;21;475;
Glauce Rocha;OS MENDIGOS E O PATO DO IMPERADOR;Teatro;Adulto;05/09/2025 - 19:30;28/09/2025 - 23:59;Fechada;19/09/2025 - 19:30;50;;;
Glauce Rocha;OS MENDIGOS E O PATO DO IMPERADOR;Teatro;Adulto;05/09/2025 - 19:30;28/09/2025 - 23:59;Fechada;20/09/2025 - 19:30;50;;;
Glauce Rocha;OS MENDIGOS E O PATO DO IMPERADOR;Teatro;Adulto;05/09/2025 - 19:30;28/09/2025 - 23:59;Fechada;21/09/2025 - 18:30;50;;;
Glauce Rocha;OS MENDIGOS E O PATO DO IMPERADOR;Teatro;Adulto;05/09/2025 - 19:30;28/09/2025 - 23:59;Fechada;26/09/2025 - 19:30;50;;;
Glauce Rocha;OS MENDIGOS E O PATO DO IMPERADOR;Teatro;Adulto;05/09/2025 - 19:30;28/09/2025 - 23:59;Fechada;27/09/2025 - 19:30;50;;;
Glauce Rocha;OS MENDIGOS E O PATO DO IMPERADOR;Teatro;Adulto;05/09/2025 - 19:30;28/09/2025 - 23:59;Fechada;28/09/2025 - 18:30;50;;;
Glauce Rocha;TAGARELA FESTIVAL;Teatro;Adulto;06/09/2025 - 16:00;06/09/2025 - 23:59;Fechada;06/09/2025 - 16:00;;4;;
Glauce Rocha;TAGARELA FESTIVAL;Teatro;Adulto;06/09/2025 - 16:00;06/09/2025 - 23:59;Fechada;06/09/2025 - 18:00;;40;;
Complexo Cultural Funarte SP;De Perto Ninguém é Normal;Teatro;Adulto;05/09/2025 - 10:00;19/09/2025 - 22:00;Fechada;05/09/2025 - 20:00;40;5;140;
Complexo Cultural Funarte SP;De Perto Ninguém é Normal;Teatro;Adulto;05/09/2025 - 10:00;19/09/2025 - 22:00;Fechada;12/09/2025 - 20:00;40;;;
Complexo Cultural Funarte SP;De Perto Ninguém é Normal;Teatro;Adulto;05/09/2025 - 10:00;19/09/2025 - 22:00;Fechada;19/09/2025 - 20:00;40;;;
Complexo Cultural Funarte SP;Rútilos;Dança;Adulto;05/09/2025 - 10:00;28/09/2025 - 22:00;Fechada;05/09/2025 - 19:00;;32;;
Complexo Cultural Funarte SP;Rútilos;Dança;Adulto;05/09/2025 - 10:00;28/09/2025 - 22:00;Fechada;06/09/2025 - 19:00;;7;;
Complexo Cultural Funarte SP;Rútilos;Dança;Adulto;05/09/2025 - 10:00;28/09/2025 - 22:00;Fechada;07/09/2025 - 19:00;;35;;
Complexo Cultural Funarte SP;Rútilos;Dança;Adulto;05/09/2025 - 10:00;28/09/2025 - 22:00;Fechada;12/09/2025 - 19:00;;11;;
Complexo Cultural Funarte SP;Rútilos;Dança;Adulto;05/09/2025 - 10:00;28/09/2025 - 22:00;Fechada;13/09/2025 - 19:00;;10;;
Complexo Cultural Funarte SP;Rútilos;Dança;Adulto;05/09/2025 - 10:00;28/09/2025 - 22:00;Fechada;14/09/2025 - 19:00;;29;;
Complexo Cultural Funarte SP;Rútilos;Dança;Adulto;05/09/2025 - 10:00;28/09/2025 - 22:00;Fechada;19/09/2025 - 19:00;;;;
Complexo Cultural Funarte SP;Rútilos;Dança;Adulto;05/09/2025 - 10:00;28/09/2025 - 22:00;Fechada;20/09/2025 - 19:00;;;;
Complexo Cultural Funarte SP;Rútilos;Dança;Adulto;05/09/2025 - 10:00;28/09/2025 - 22:00;Fechada;21/09/2025 - 19:00;;;;
Complexo Cultural Funarte SP;Rútilos;Dança;Adulto;05/09/2025 - 10:00;28/09/2025 - 22:00;Fechada;26/09/2025 - 19:00;;;;
Complexo Cultural Funarte SP;Rútilos;Dança;Adulto;05/09/2025 - 10:00;28/09/2025 - 22:00;Fechada;27/09/2025 - 19:00;;;;
Complexo Cultural Funarte SP;Rútilos;Dança;Adulto;05/09/2025 - 10:00;28/09/2025 - 22:00;Fechada;28/09/2025 - 19:00;;;;
Teatro de Arena Eugênio Kusnet;O Pacto;Teatro;Adulto;12/09/2025 - 10:00;14/09/2025 - 22:00;Fechada;12/09/2025 - 20:00;40;98;6000;
Teatro de Arena Eugênio Kusnet;O Pacto;Teatro;Adulto;12/09/2025 - 10:00;14/09/2025 - 22:00;Fechada;13/09/2025 - 20:00;40;95;5000;
Teatro de Arena Eugênio Kusnet;O Pacto;Teatro;Adulto;12/09/2025 - 10:00;14/09/2025 - 22:00;Fechada;14/09/2025 - 18:00;40;97;4440;
Teatro de Arena Eugênio Kusnet;Leituras de Poesia - Noites Canibais;Outras;Adulto;10/09/2025 - 10:00;10/09/2025 - 22:00;Fechada;10/09/2025 - 19:00;10;45;300;
Teatro de Arena Eugênio Kusnet;Leituras de Poesia - Noites Canibais;Outras;Adulto;15/10/2025 - 10:00;15/10/2025 - 21:00;Fechada;15/10/2025 - 19:00;40;;;
Complexo Cultural MG;Acessa BH- CAPENGÁ!;Outras;Livre;09/09/2025 - 09:00;28/09/2025 - 22:00;Fechada;09/09/2025 - 14:00;;11;;
Complexo Cultural MG;Acessa BH- CAPENGÁ!;Outras;Livre;09/09/2025 - 09:00;28/09/2025 - 22:00;Fechada;10/09/2025 - 14:00;;16;;
Complexo Cultural MG;Acessa BH- CAPENGÁ!;Outras;Livre;09/09/2025 - 09:00;28/09/2025 - 22:00;Fechada;10/09/2025 - 18:00;;25;;
Complexo Cultural MG;Acessa BH- CAPENGÁ!;Outras;Livre;09/09/2025 - 09:00;28/09/2025 - 22:00;Fechada;16/09/2025 - 14:00;;13;;
Complexo Cultural MG;Acessa BH- CAPENGÁ!;Outras;Livre;09/09/2025 - 09:00;28/09/2025 - 22:00;Fechada;17/09/2025 - 14:00;;11;;
Complexo Cultural MG;Acessa BH- CAPENGÁ!;Outras;Livre;09/09/2025 - 09:00;28/09/2025 - 22:00;Fechada;18/09/2025 - 20:00;;;;
Complexo Cultural MG;Elas Festival;Artes Integradas;Livre;11/09/2025 - 09:00;13/09/2025 - 22:00;Fechada;11/09/2025 - 14:00;10;36;;
Complexo Cultural MG;Elas Festival;Artes Integradas;Livre;11/09/2025 - 09:00;13/09/2025 - 22:00;Aberta;13/09/2025 - 09:00;10;533;5330;
Complexo Cultural Funarte SP;Tríptico G;Teatro;Adulto;04/09/2025 - 10:00;27/11/2025 - 22:00;Aberta;04/09/2025 - 10:00;;4;;
Complexo Cultural Funarte SP;Entre as Dobras do Tempo;Teatro;Adulto;21/09/2025 - 10:00;29/11/2025 - 22:00;Aberta;21/09/2025 - 14:00;;3;;
Complexo Cultural Funarte SP;A Reforma - Palhaça Olga;Teatro;Livre;30/09/2025 - 10:00;12/12/2025 - 22:00;Aberta;30/09/2025 - 14:00;;2;;
Complexo Cultural Funarte SP;Serra Pelada;Teatro;Adulto;14/09/2025 - 10:00;16/11/2025 - 22:00;Aberta;14/09/2025 - 10:00;;12;;
Complexo Cultural Funarte SP;Triste! Triste... Triste?;Teatro;Adulto;15/09/2025 - 10:00;19/09/2025 - 22:00;Aberta;15/09/2025 - 18:00;;4;;
Complexo Cultural Funarte SP;Zoocidade;Outras;Adulto;01/09/2025 - 10:00;15/09/2025 - 22:00;Aberta;01/09/2025 - 10:00;;4;;
Complexo Cultural Funarte SP;Todos os Sinais Estão Vermelhos;Teatro;Adulto;12/09/2025 - 10:00;31/10/2025 - 22:00;Aberta;12/09/2025 - 10:00;;5;;
Teatro de Arena Eugênio Kusnet;São Jorge Canta Sua História;Música;Livre;21/09/2025 - 20:00;21/09/2025 - 21:10;Fechada;21/09/2025 - 20:00;;;;
Teatro de Arena Eugênio Kusnet;Leitura Dramática:Um Certo Faroeste Caboclo;Teatro;Adulto;22/09/2025 - 18:30;22/09/2025 - 21:30;Fechada;22/09/2025 - 18:30;;;;
Cacilda Becker;Dois: Místicos & Amor;Dança;Livre;19/09/2025 - 09:00;28/09/2025 - 21:00;Fechada;19/09/2025 - 20:00;50;;;
Cacilda Becker;Dois: Místicos & Amor;Dança;Livre;19/09/2025 - 09:00;28/09/2025 - 21:00;Fechada;20/09/2025 - 20:00;50;;;
Cacilda Becker;Dois: Místicos & Amor;Dança;Livre;19/09/2025 - 09:00;28/09/2025 - 21:00;Fechada;21/09/2025 - 18:00;50;;;
Cacilda Becker;Dois: Místicos & Amor;Dança;Livre;19/09/2025 - 09:00;28/09/2025 - 21:00;Fechada;26/09/2025 - 20:00;50;;;
Cacilda Becker;Dois: Místicos & Amor;Dança;Livre;19/09/2025 - 09:00;28/09/2025 - 21:00;Fechada;27/09/2025 - 20:00;50;;;
Cacilda Becker;Dois: Místicos & Amor;Dança;Livre;19/09/2025 - 09:00;28/09/2025 - 21:00;Fechada;28/09/2025 - 18:00;50;;;
